Animal ID,ID,group,nerve_term,n_perim,poly-in,blebs,tsc_a,tsc_p,tsc_no,achr_a,achr_p,ep_a,ep_p,ep_d,synaptic,overlap,coverage_area,coverage
224,1,1mo_wt,194.247,229.809,0,0,320.55,225.45,2,260.26,197.49,369.74,91.66,37.38,188.24,72.33,216.42,83.16
224,2,1mo_wt,193.362,206.231,0,0,307.95,199.79,2,222.72,204.04,340.99,84.17,29.52,178.9,80.33,191.93,86.18
224,3,1mo_wt,163.007,147.647,0,0,296.12,150.55,2,211.17,124.94,254.59,73.81,27.43,151.4,71.7,200.17,94.79
224,4,1mo_wt,207.454,190.484,0,0,333.1,184.87,2,262.42,178.9,361.54,85.12,30.87,205.62,78.36,239.58,91.3
224,5,1mo_wt,148.23,175.771,0,0,245.38,183.78,1,194.51,158.08,284.06,72.83,27.47,139.77,71.86,164.38,84.51
224,6,1mo_wt,160.435,166.89,0,0,264.88,153.89,2,210.83,161.29,277.97,74.91,29.31,159.63,75.72,191.93,91.04
224,7,1mo_wt,324.979,256.397,0,0,395.44,234.62,3,367.91,232.42,513.22,96.15,33.94,294.1,79.94,305.33,82.99
224,8,1mo_wt,196.453,274.493,0,0,277.39,238.49,2,297.04,231.93,447.89,91.33,30.01,194.12,65.35,223.57,75.27
224,9,1mo_wt,228.72,367.731,0,0,469.47,312.27,3,353.67,370.67,633.59,105.16,35.09,207.81,58.76,232.42,65.72
224,10,1mo_wt,89.921,155.801,0,0,244.5,159.87,2,149.89,116.76,201.96,70.46,28.76,89.76,59.88,113.53,75.75
224,11,1mo_wt,255.035,256.758,0,0,336.57,248.59,3,260.39,235.5,423.46,101.35,40.94,220.28,84.6,224.03,86.04
224,12,1mo_wt,195.565,265.451,0,0,400.51,356.78,3,463.12,399.24,715.79,111.93,37.14,193.74,41.83,240.8,52
224,13,1mo_wt,152.905,252.977,0,0,265.72,215.44,1,301.11,231.94,449.38,82.31,25.39,152.56,50.67,224.26,74.48
224,14,1mo_wt,220.768,289.053,0,0,347.73,227.43,2,326.43,240.14,474.98,98.42,33.29,214.81,65.81,266.18,81.54
224,15,1mo_wt,263.702,317.755,0,0,400.94,200.66,3,334.96,243.74,466.26,98.59,36.52,241.92,72.22,302.83,90.41
224,16,1mo_wt,118.406,239.067,0,0,271.99,184.85,2,237.44,229.4,373.92,83.92,30.96,117.28,49.39,201.57,84.89
224,17,1mo_wt,203.024,210.373,0,0,271.69,186.72,2,242.08,194.35,329.62,91.6,30.29,187.11,77.29,161.34,66.65
224,18,1mo_wt,149.521,225.319,0,0,277.29,172.55,3,214.35,215.25,348.08,84.49,33.38,146.25,68.23,176.82,82.49
224,19,1mo_wt,196.305,248.365,0,0,341.32,227.53,2,231.16,234.99,407.89,80.48,26.66,177.1,76.61,205.91,89.08
224,20,1mo_wt,109.503,176.393,0,0,231.59,132.43,2,167.35,172.66,311.05,72.06,27.77,106.81,63.83,138.9,83
224,21,1mo_wt,127.038,166.601,0,0,207.36,130.66,3,166.55,140.16,266.08,66.76,23.21,150.9,90.61,86.64,52.02
224,22,1mo_wt,151.275,235.976,0,0,202.93,191.53,2,203.78,230.1,315.24,78.08,28.81,145.12,71.22,166.88,81.89
224,23,1mo_wt,168.45,239.838,0,0,225.24,192.12,3,227.04,242.38,392.94,88.28,31.76,155.23,68.37,180.03,79.29
224,24,1mo_wt,152.845,245.495,0,0,354.37,252.06,3,249.62,278.26,402.13,104.44,37.29,138.74,55.58,174.86,70.05
224,25,1mo_wt,152.935,176.442,0,0,226.42,172.44,2,173.14,174.46,315.48,72.6,25.57,140.96,81.42,138.45,79.97
224,26,1mo_wt,130.081,142.493,0,0,205.8,127.26,1,183.13,143.71,299.63,72.88,27.78,125.01,68.26,123.82,67.61
224,27,1mo_wt,188.927,254.855,0,0,297.39,212.51,2,235.38,237.14,393.47,93.77,35.98,180.95,76.88,142.6,60.58
224,28,1mo_wt,155.515,236.71,0,0,328.25,180.26,2,267.38,216.4,416.49,85.96,28.66,152.58,57.06,228.67,85.52
224,29,1mo_wt,142.166,155.848,0,0,206.91,136.57,1,174.47,150.16,303.69,73.35,27.59,136.56,78.27,140.96,80.8
224,30,1mo_wt,150.843,198.083,0,0,211.18,170.34,2,195.83,163.05,295.55,76.56,29.88,142.7,72.87,153.51,78.39
224,31,1mo_wt,109.995,157.701,0,0,267.65,141.74,3,171.27,138.94,257.37,68.82,27.75,108.26,63.21,148.57,86.75
224,32,1mo_wt,100.517,145.065,0,0,188.89,128.4,2,154.31,130.81,246.02,68.66,26.37,96.78,62.72,127.22,82.44
224,33,1mo_wt,88.236,133.896,0,0,114.4,88.42,2,99.85,119.48,169.26,63.14,26.67,79.56,79.68,77.56,77.67
115,34,2mo_wt,172.65,268.45,0,0,303.56,217.06,2,312.73,257.83,572.96,99.55,35,155.89,49.85,225.61,72.14
115,35,2mo_wt,298.81,304.95,0,0,456.44,310.34,2,470.35,295.02,918.41,120.55,35.52,249.33,53.01,304.66,64.77
115,36,2mo_wt,261.98,307.94,0,0,408.85,282.01,2,318.73,301.6,783.08,122.65,43.78,226.24,70.98,177.39,55.65
115,37,2mo_wt,197.37,251.51,0,0,467.47,298.66,3,300.2,224.51,718.52,108.89,36.6,216.93,72.26,255.33,85.06
115,38,2mo_wt,223.45,238.35,0,0,450.92,297.97,2,324.27,242.63,645.79,106.96,34.21,211.17,65.12,260.32,80.28
115,39,2mo_wt,233.99,243.41,0,0,558.76,325.28,2,281.39,231.74,591.62,99.73,32.52,209.41,74.42,191.1,67.91
115,40,2mo_wt,362.39,413.02,0,0,438.63,400.12,2,459.45,414.04,942.22,123.28,39.4,318.5,69.32,314.24,68.4
115,41,2mo_wt,261.57,323.4,0,0,349.1,278.17,2,325.78,291.55,615.44,105.61,36.39,231.73,71.13,235.49,72.29
115,42,2mo_wt,276.47,251.87,0,0,387.98,245.31,2,352.02,249.9,742.64,110.43,40.23,235.23,66.82,242.16,68.79
115,43,2mo_wt,241.83,213.89,0,0,458.91,241.62,2,263.6,167.07,511.04,95.56,32.49,139.55,52.94,205.21,77.85
115,44,2mo_wt,210.82,175.62,0,0,271.85,177.18,1,270.2,163.43,460.56,86.09,34,198.28,73.38,219.72,81.32
115,45,2mo_wt,313.09,336.73,0,0,506.09,268.68,2,410.08,315.71,717.23,118.42,42.82,254.69,62.11,345.75,84.31
115,46,2mo_wt,182.77,254,0,0,422.95,224.33,1,340.8,238.34,551.62,95.78,34.43,174.52,51.21,302.86,88.87
115,47,2mo_wt,292.63,321.09,0,0,509.72,291.23,3,541.72,321.87,946.85,130.44,48.37,279.77,51.64,385.67,71.19
115,48,2mo_wt,314.97,367.35,0,0,512.63,357.4,2,539.14,370.82,907.26,119.07,36.73,320.93,59.53,415.31,77.03
115,49,2mo_wt,144.93,211.78,0,0,270.87,222.21,2,289.66,186.08,406.75,88.55,32.73,144.93,50.04,208.53,71.99
115,50,2mo_wt,183.81,268.74,0,0,287.51,215.41,1,376.1,197.13,507.94,92.39,30.75,182.58,48.55,267.11,71.02
115,51,2mo_wt,138.6,206.79,0,0,301.27,202.89,1,249.05,186.6,410.13,78.18,26.27,124.96,50.17,208.75,83.82
115,52,2mo_wt,108.49,168.03,0,0,250.28,166.42,2,206.29,139.16,282.84,69.5,24.28,108.37,52.53,172.75,83.74
115,53,2mo_wt,350.51,307.3,0,0,500.16,219.2,3,411.64,269.3,871.7,122.16,42.67,286,69.48,340.19,82.64
115,54,2mo_wt,253.26,231.58,0,0,290.17,212.48,2,306.84,219.2,603.37,94.48,31.49,225.27,73.42,209.59,68.31
115,55,2mo_wt,290.37,359.65,0,0,452.92,314.84,3,438.23,336.88,825.66,142.64,58.93,282.63,64.49,364,83.06
115,56,2mo_wt,261,263.89,0,0,525.56,245.16,2,309.22,229.52,685.14,104.74,36.69,212.17,68.61,278.46,90.05
115,57,2mo_wt,218.72,222.99,0,0,357.06,193.51,2,281.24,192.29,480.11,95.67,36.42,207.21,73.68,218.92,77.84
115,58,2mo_wt,380.08,364.99,0,0,698.44,352.15,3,437.64,311.25,953.48,141.41,52.15,320.93,73.33,369.36,84.4
115,59,2mo_wt,184.81,244.85,0,0,266.88,180.09,2,230.25,212.82,398.07,90.06,34.72,165.12,71.71,189.63,82.36
115,60,2mo_wt,223.06,286.67,0,0,335.9,205.5,3,320.29,222.85,510.27,91.99,28.53,200.91,62.73,244.38,76.3
115,61,2mo_wt,206.62,238.43,0,0,296.91,260.15,1,279.38,213.86,566.64,102.03,38.02,178.02,63.72,204.6,73.23
115,62,2mo_wt,414.66,299.83,0,0,455.97,277.54,3,356.92,305.22,770.79,118.83,40.84,301.48,84.47,280.02,78.46
115,63,2mo_wt,249.52,323.79,0,0,364.1,273.89,2,360.57,302.69,690.68,111.19,37.57,243.28,67.47,271.75,75.37
115,64,2mo_wt,181.33,258.26,0,0,285.87,223.57,1,272.63,216.34,415.9,92.16,35.14,170.41,62.5,206.21,75.64
115,65,2mo_wt,240.64,344.53,0,0,374.64,298.25,3,372.15,332.58,711.37,112.79,42.7,237.05,63.7,291.89,78.43
120,66,2mo_wt,219.08,296.6,0,0,361.97,255.89,2,327.54,266.72,638.65,102.09,36.69,207.21,63.26,261.83,79.94
120,67,2mo_wt,274.7,364.37,1,0,704.16,351.5,4,456.77,290.15,919.48,131.79,51.21,257.48,56.37,376.22,82.37
120,68,2mo_wt,264.8,393.86,0,0,786.29,430.12,4,417.98,327.67,864.66,129.45,46.33,247.39,59.19,353.07,84.47
120,69,2mo_wt,230.96,325.74,0,0,467.85,306.99,3,419.76,291.04,733.64,118.61,38.6,229.18,54.6,316.26,75.34
120,70,2mo_wt,199.91,298.51,0,0,410.3,301.37,3,420.27,268.75,647.51,107.34,37.8,198.88,47.32,317.48,75.54
120,71,2mo_wt,257.66,324.48,0,0,409.79,261.09,2,448.29,282.66,720.57,118.76,37.68,254.74,56.83,351.34,78.37
120,72,2mo_wt,202.49,267.68,0,0,342.92,232.56,1,343.61,207.02,527.02,95.53,33.33,201.11,58.53,246.66,71.79
120,73,2mo_wt,186.47,247.57,0,0,245.2,223.83,1,306.68,238.96,514.85,90.62,29.88,178.22,58.11,202.96,66.18
120,74,2mo_wt,143.07,216.66,0,0,353.41,220.5,3,314.64,217.98,462.92,85.59,29.39,139.45,44.32,240.72,76.51
120,75,2mo_wt,157.97,197.04,0,0,247.08,180.42,2,229.58,217,486.78,87.14,29.78,153.05,66.67,156.09,67.99
120,76,2mo_wt,175.19,265.92,0,0,322.63,221.23,2,313.38,250.53,542.65,96.85,33.52,167.37,53.41,240.32,76.69
120,77,2mo_wt,169.33,123.52,0,0,239.05,139.89,1,193.43,110.96,238.58,69.06,27.74,156.85,81.09,156.27,80.79
120,78,2mo_wt,154.43,222.91,0,0,264.54,188.63,3,181.27,181.33,355.17,81.37,31.49,127.75,70.47,156.58,86.38
120,79,2mo_wt,97.69,166.69,0,0,247.98,173.73,3,171.45,154.71,317.6,79.75,30.34,93.85,54.74,140.63,82.02
120,80,2mo_wt,139.4,263.03,0,0,382.47,300.88,3,293.98,269.8,626.46,104.04,36.67,133.27,45.33,222.06,75.53
120,81,2mo_wt,182.49,292.53,0,0,404.55,299.02,3,213.01,233.06,533.07,103.49,39.11,144.62,67.89,180.65,84.81
120,82,2mo_wt,223.45,294.46,0,0,356.27,270.93,3,340.91,261.14,593.78,99.91,34.69,223.45,65.55,262.48,76.99
120,83,2mo_wt,169.26,247.29,0,0,325.19,236.3,2,263.41,225.04,465.59,94.27,37.05,164.45,62.43,213.28,80.97
120,84,2mo_wt,203.48,351.64,0,0,374.95,316.38,2,307.25,309.84,605.25,98.43,34.8,192.19,62.55,221.6,72.13
120,85,2mo_wt,226.41,360.02,0,0,410.1,298.54,3,394,329.83,709.94,113.89,37.57,212.72,53.99,306.32,77.75
120,86,2mo_wt,238.99,263.15,0,0,441.36,287.84,2,331.11,270.75,740.65,113.22,40.33,222.34,67.15,269.33,81.34
120,87,2mo_wt,184.05,332.28,0,0,391.09,317.74,2,312.28,291.84,669.35,108.26,39.46,150.66,48.25,239.43,76.67
168,88,2mo_wt,302.1,397.63,0,0,520.03,333.42,3,483.42,350.31,860.32,119.07,40.75,287.25,59.42,363.07,75.1
168,89,2mo_wt,261.89,344.49,0,1,417.4,292.41,3,374.45,326.77,795.46,110.79,40.42,228.3,60.97,281.92,75.29
168,90,2mo_wt,235.8,375.15,0,0,625.82,324.12,3,392.33,330.42,686.93,111.69,42.69,219.37,55.91,342.89,87.4
168,91,2mo_wt,305.21,440.73,0,0,559.61,366.59,4,416.58,399.39,950.72,132.65,42.5,290.34,69.7,348.71,83.71
168,92,2mo_wt,213.38,368.62,0,0,427.86,317.11,2,404.6,292.65,654.05,109.76,41.41,208.01,51.41,304.38,75.23
168,93,2mo_wt,235.96,283.24,0,0,376.38,266.41,2,283.59,262.08,635.05,106.7,36.1,223.02,78.64,213.93,75.44
168,94,2mo_wt,331.36,438.3,0,0,550.66,410.07,2,576.68,418.61,1076.55,129.57,40.51,330.95,57.39,412.45,71.52
168,95,2mo_wt,291.19,447.56,0,0,491.93,357.34,2,522.12,362.75,822.15,138.45,54.96,267.92,51.31,391.68,75.02
168,96,2mo_wt,318.64,345.04,0,0,566.28,338.29,3,387.5,314.82,799.23,116.04,40.39,300.98,77.67,317.09,81.83
168,97,2mo_wt,254.56,363.29,0,0,381.89,294.21,2,366.62,306.66,619.62,103.89,37.45,247.75,67.58,265.18,72.33
168,98,2mo_wt,194.28,320.92,0,0,381.93,226.32,2,434.8,264.35,680.17,110.43,40.15,193.21,44.44,319.2,73.41
168,99,2mo_wt,186.22,291.13,0,0,408.82,210.15,2,317.95,228.36,510.62,87.73,28.52,181.56,57.1,261.49,82.24
168,100,2mo_wt,289.63,397.52,0,0,706.87,356.41,4,472.8,356.58,970.87,142.38,54.8,264.9,56.03,401.47,84.91
168,101,2mo_wt,252.63,400.23,0,0,509.86,403.96,3,425.91,384.19,862.69,130.47,45.23,233,54.71,340.06,79.84
168,102,2mo_wt,230.17,359.94,0,0,440.45,377.33,2,389.06,381.74,678.72,110.92,41.53,226.39,58.19,301,77.37
168,103,2mo_wt,228.26,430.68,0,0,443.33,391.86,2,338.97,447.75,744.17,114.16,39.05,201.26,59.37,149.13,44
168,104,2mo_wt,173.21,332.27,0,0,465,303.74,4,342.09,280.27,676.42,112.96,38.38,153.51,44.88,286.01,83.61
168,105,2mo_wt,282.47,443.14,0,0,515.43,389.11,3,422.45,372.52,820.87,120.44,38.98,257.25,60.9,320.16,75.78
168,106,2mo_wt,299.8,419.44,0,0,579.12,460.1,2,467.89,374.76,983.84,130.48,43.35,265.17,56.67,335.49,71.7
168,107,2mo_wt,423.84,465.34,0,0,640.25,436.38,2,559.46,443.23,1111.34,142.22,46.49,366.29,65.47,420.34,75.13
168,108,2mo_wt,236.98,391.58,0,0,470.64,351.58,2,421.17,376.76,785.99,114.6,37.22,421.17,54.45,324.58,77.07
168,109,2mo_wt,268.86,391.52,0,0,516.03,351.11,3,368.79,329.73,655.14,109.04,41.18,368.79,64.85,308.5,83.65
168,110,2mo_wt,290.08,364.61,0,0,489.1,370.67,3,402.9,352.62,740.15,128.24,44.28,402.9,71.44,306.5,76.07
168,111,2mo_wt,227.74,347.36,0,0,376.92,317.37,2,387.49,302.81,620.96,98.99,34.93,387.49,56.47,298.03,76.91
168,112,2mo_wt,219.57,393.98,0,0,397.21,317.78,2,404.88,388.43,659.96,103.65,37.92,241.04,59.53,322.08,79.55
168,113,2mo_wt,230.33,326.35,0,0,382.72,311.26,2,305.18,298.31,605.95,109.44,41.89,215.21,70.52,226.38,74.18
168,114,2mo_wt,264.58,388.04,0,0,503.25,350.64,2,336.27,322.19,673.86,115.38,37.19,222.28,66.1,271.45,80.72
168,115,2mo_wt,234.69,330.74,0,0,378.16,298.49,3,330.47,304.54,572.45,105.8,40.51,224.1,67.81,258.04,78.08
168,116,2mo_wt,263.93,416.7,0,0,487.97,448.85,3,407.21,381.13,810.72,129.03,43.39,214.74,52.73,268.92,66.04
168,117,2mo_wt,198.88,331.12,0,0,469.36,360.55,3,380.59,328.73,768.47,139.85,42.87,171.51,45.06,260.55,68.46
178,118,3mo_wt,204.313,227.42,0,0,308.798,269.89,2,176.685,199.875,404.128,84.47,27.491,165.12,93.45,142.231,80.5
178,119,3mo_wt,160.236,233.909,0,0,248.371,223.225,2,200.667,223.476,355.176,77.76,29.822,151.42,75.46,157.544,83.96
178,120,3mo_wt,178.733,272.272,0,0,329.806,244.226,2,212.636,249.245,517.702,100.346,34.329,159.89,75.2,180.451,86.4
178,121,3mo_wt,162.584,294.351,0,0,409.351,275.11,2,241.041,277.719,549.486,97.769,32.194,150.96,62.63,212.121,88
178,122,3mo_wt,228.961,290.125,0,0,312.447,248.517,2,323.583,267.325,590.86,102.388,34.064,206.14,63.71,224.211,69.29
178,123,3mo_wt,158.793,202.692,0,0,329.112,150.616,2,217.591,188.66,433.703,98.126,36.433,145.16,66.71,183.247,84.22
178,124,3mo_wt,220.161,246.612,0,0,341.962,222.724,2,235.036,232.28,450.914,98.588,34.713,196.88,83.76,205.91,87.61
178,125,3mo_wt,188.293,321.001,0,0,374.795,292.165,2,300.962,289.528,568.143,104.326,38.097,169.23,56.23,236.726,78.66
178,126,3mo_wt,194.18,325.422,0,0,509.026,228.284,3,291.365,270.463,511.649,100.362,34.553,167.24,57.4,235.19,80.72
178,127,3mo_wt,220.795,264.05,0,0,337.687,253.155,3,280.105,243.844,515.104,96.222,51.935,199.49,71.22,206.976,73.89
178,128,3mo_wt,219.452,250.431,0,0,307.808,234.359,2,286.439,216.816,525.021,100.576,30.669,182.73,63.79,243.316,84.95
178,129,3mo_wt,214.333,248.867,0,0,460.081,221.355,3,281.448,226.301,625.469,107.076,34.656,188.68,67.04,223.034,79.25
178,130,3mo_wt,159.202,217.415,0,0,285.704,151.015,2,174.836,182.135,300.861,72.673,25.713,136.17,77.88,156.219,89.35
178,131,3mo_wt,143.21,265.418,0,0,400.273,213.29,2,203.597,220.451,381.297,101.539,43.993,122.56,60.2,196.914,96.72
178,132,3mo_wt,231.236,291.147,0,0,312.484,249.015,2,277.796,270.652,568.955,101.175,33.724,200.67,72.24,208.987,75.23
178,133,3mo_wt,206.072,223.844,0,0,298.126,187.977,1,204.508,223.117,455.007,96.247,33.839,185.17,90.55,186.097,91
178,134,3mo_wt,149.205,167.041,0,0,258.816,165.743,2,170.601,165.624,381.365,87.688,30.948,140.96,82.62,134.277,78.71
178,135,3mo_wt,176.43,244.604,0,0,363.81,172.42,2,209.41,205.947,396.65,90.59,32.22,191.57,91.48,79.614,38.02
178,136,3mo_wt,209.057,306.336,0,0,456.43,291.85,4,192.28,191.425,463.82,105.89,37.12,131.08,68.17,171.597,89.24
178,137,3mo_wt,191.571,256.481,0,0,313.34,263.26,2,162.78,180.97,400.49,94.69,30.33,114.87,70.57,133.862,82.23
178,138,3mo_wt,198.679,244.582,0,0,293.86,229.03,1,263.79,242.594,530.43,104.19,34.8,187.02,70.9,225.62,85.53
178,139,3mo_wt,115.227,223.84,0,0,179.27,219.57,1,173.09,225.854,380.94,87.47,33.54,103.64,59.88,118.141,68.25
178,140,3mo_wt,145.864,312.144,0,0,401.48,290.27,3,222.92,224.099,572.08,99.72,34.73,88.86,39.86,135.912,60.97
178,141,3mo_wt,154.416,239.237,0,0,347.63,195.48,2,228.46,246.741,449.55,99.89,37.1,146.66,64.19,191.2,83.69
178,142,3mo_wt,246.28,262.773,0,0,313.43,256.55,2,232.39,241.426,491.6,99.3,35.99,193.31,83.18,187.944,80.87
178,143,3mo_wt,208.826,283.782,0,0,394.37,258,2,222.33,253.2,521.68,104.19,35.99,175.2,78.8,208.059,93.58
178,144,3mo_wt,138.524,257.051,0,0,317.58,248.72,2,228.59,226.119,410.75,95.76,38.13,126.73,55.44,183.448,80.25
100,145,2mo_ko,434.132,418.439,0,0,1247.164004,447.2555643,7,847.0209539,511.2497987,1578.557,168.142,52.917,367.6989539,43.41084506,720.3349539,85.04334522
100,146,2mo_ko,294.7,314.442,0,0,666.2613522,248.7886098,3,498.2476199,277.7041953,887.19,123.672,42.059,264.5736199,53.10082966,436.4496199,87.59693022
100,147,2mo_ko,468.893,562.502,0,4,1336.385,425.408,10,714.927,407.315,1684.386,181.966,58.277,246.806,34.52184629,568.929,79.57861432
100,148,2mo_ko,0,0,0,0,662.399,257.276,9,538.03,327.802,1184.98,173.78,62.625,0,0,307.059,57.07098117
100,149,2mo_ko,86.517,118.362,0,1,551.549,254.728,7,478.936,254.213,761.276,133.953,46.628,59.481,12.41940468,292.769,61.12904438
100,150,2mo_ko,161.834,223.539,1,5,660.854,275.156,6,505.972,303.016,928.131,137.984,48.144,78.406,15.49611441,276.546,54.65638415
100,151,2mo_ko,357.271,400.258,0,4,646.949,343.206,7,540.348,390.252,1098.462,136.803,45.364,529.909,48.82057489,398.985,73.83852628
100,152,2mo_ko,328.689,374.13,0,1,575.882,299.989,6,522.581,276.674,991.474,141.588,46.855,262.643,50.25881155,315.557,60.3843232
100,153,2mo_ko,319.033,366.183,1,2,708.748,306.318,8,573.178,328.567,1066.404,137.256,46.161,203.934,35.57952329,405.551,70.75480915
100,154,2mo_ko,243.297,343.316,0,0,826.3860135,422.6136221,5,720.226,426.088,1139.4,169.174,61.63,207.409,28.79776626,498.478,69.21133089
100,155,2mo_ko,216.244,259.753,0,0,901.4963963,419.933257,5,860.7708041,440.5863127,1400.3849,146.83487,50.293,187.6918041,21.80508484,601.5878041,69.88942948
100,156,2mo_ko,307.434,525.356,1,1,1118.183,450.023,11,783.304,514.132,1727.075,180.338,66.709,213.588,27.26757428,547.804,69.93504438
100,157,2mo_ko,210.932,362.333,1,3,735.717,351.821,10,742.357,356.554,1219.776,150.075,46.192,54.227,7.304706496,124.39,16.75608905
100,158,2mo_ko,205.177,270.528,0,3,670.8655971,213.5965877,10,466.352,319.716,860.107,128.481,43.588,170.649,36.59231653,352.365,75.55773321
100,159,2mo_ko,108.639,246.597,1,0,0,0,0,448.015,242.739,667.232,105.23,36.554,90.981,20.30757899,0,0
100,160,2mo_ko,89.151,206.928,0,0,179.378,111.913,2,342.068,237.813,624.487,125.156,48.052,69.77,20.39652935,84.09,24.58283148
100,161,2mo_ko,259.965,219.167,1,1,581.263,218.152,8,349.808,227.654,738.443,123.174,46.735,72.212,20.64332434,169.183,48.3645314
100,162,2mo_ko,360.875,314.065,1,2,578.075,218.826,8,413.393,247.138,674.858,129.788,41.658,208.76,50.49916181,231.08,55.89838241
100,163,2mo_ko,324.112,264.541,0,0,630.218,219.105,4,509.989,242.633,843.854,126.508,44.642,284.911,55.86610692,438.339,85.95067737
100,164,2mo_ko,225.453,279.371,0,0,408.141,205.5,3,298.978,243.84,612.024,116.796,36.431,135.984,45.48294523,194.88,65.18205353
121,165,2mo_ko,130.327,255.563,1,0,811.0276974,253.1879054,5,400.2084912,239.4187698,686.2364619,107.2162801,39.51734369,66.4324912,16.59947069,372.5284912,93.08360502
121,166,2mo_ko,181.074,327.56,1,0,643.7936017,238.0603363,6,370.6830233,283.712672,719.9146402,112.0673923,40.38915288,125.7140233,33.91415721,333.7760233,90.04351489
121,167,2mo_ko,0,0,0,0,688.082,337.476,7,370.913691,172.5376264,536.302445,91.94389968,30.07787877,0,0,139.553691,37.624303
121,168,2mo_ko,290.872,264.538,1,3,658.0950002,219.2753367,10,573.4399476,255.8165135,792.57428,119.5869936,43.27042719,199.9889476,34.87530795,453.7229476,79.12301009
121,169,2mo_ko,257.887,269.111,1,1,1131.19449,316.7412297,10,533.765,386.825,1080.217,141.845,48.622,133.557,25.02168557,489.246,91.65943814
121,170,2mo_ko,217.981,237.594,1,1,689.0044745,188.0230829,7,454.877,233.82,762.357,110.214,38.091,180.152,39.60455244,396.057,87.06903185
121,171,2mo_ko,102.351,164.184,1,1,819.906,387.172,9,474.812,313.847,943.877,133.396,43.354,35.577,7.492860332,217.291,45.76358643
121,172,2mo_ko,238.09,270.219,0,1,1314.422,328.3892963,7,431.5727424,284.6347527,767.3620607,115.4825623,38.3173989,121.5077424,28.15463779,272.5727424,63.1580069
121,173,2mo_ko,396.27,201.976,1,3,548.7021868,239.6852341,7,553.355,302.421,859.314,130.205,44.543,236.722,42.77940924,273.941,49.50547117
121,174,2mo_ko,53.577,86.677,1,1,755.1817566,234.3693208,5,517.4681103,266.545823,828.9473072,114.882688,37.57031765,40.48811026,7.824271575,460.0091103,88.89612734
121,175,2mo_ko,211.868,363.101,1,1,754.6271284,298.7835294,4,567.274,380.536,982.69,125.05,43.058,177.703,31.32577908,472.211,83.24213696
121,176,2mo_ko,0,0,0,0,287.93,210.504,2,330.323,212.078,553.581,97.019,32.818,0,0,195.409,59.15694638
121,177,2mo_ko,0,0,0,0,481.792,271.724,6,383.546,270.611,584.834,104.234,38.219,0,0,213.201,55.58681358
121,178,2mo_ko,62.661,30.427,0,1,635.427,310.702,8,352.293,272.543,782.254,127.699,42.043,8.819,2.503314003,256.058,72.68324945
121,179,2mo_ko,201.207,321.484,0,0,600.3063153,278.900029,6,372.7232008,231.7290822,566.1472285,107.7682454,42.01912433,160.1302008,42.96223054,299.3602008,80.31702887
121,180,2mo_ko,123.809,142.368,0,1,489.3253158,143.333964,6,292.7304025,162.8847799,431.5287174,96.50913611,39.05006734,108.3864025,37.02601492,282.9294025,96.6518681
121,181,2mo_ko,203.513,167.072,0,2,476.3535107,176.2533356,3,210.1432432,156.1972288,382.8123826,80.77058619,29.96319486,142.5452432,67.83241803,194.0002432,92.31809705
121,182,2mo_ko,,,,,725.5563004,241.9525465,7,344.7617542,229.7815195,673.6690799,103.1585309,64,,,287.3977542,83.36126345
121,183,2mo_ko,327.412,317.064,0,0,534.9517641,185.3572947,4,367.9759504,237.8524944,590.6655582,112.2088712,44.03658525,315.9049504,85.84934696,327.4119504,88.9764535
121,184,2mo_ko,165.734,195.291,0,0,639.3426918,331.0836582,7,459.4525365,353.9039972,811.9478338,113.1383436,35.83156138,112.2555365,24.43245549,345.6245365,75.22529729
121,185,2mo_ko,310.178,297.768,0,0,510.8879893,324.4539482,3,445.8073997,309.12046,759.0948508,132.9179512,51.13304767,422.8633997,94.85338287,322.4003997,72.31831502
121,186,2mo_ko,0,0,0,0,1492.88654,717.3491346,5,408.8176082,250.4695048,641.5852525,107.2107655,37.187123,0,0,253.4606082,61.9984568
121,187,2mo_ko,217.969,214.903,0,0,387.877,156.356,4,246.239,167.78,361.302,79.64,29.2,184.75,75.02873225,218.534,88.74873598
121,188,2mo_ko,225.884,255.433,1,2,521.456641,247.1078874,7,329.2145614,226.9943686,690.940651,115.4369633,44.04003505,186.8705614,56.76254434,268.0085614,81.40847727
121,189,2mo_ko,413.603,345.753,0,2,617.8603898,263.9933963,6,424.3461199,258.1824414,729.3890669,123.5571853,47.26185925,257.1241199,60.59301779,327.8011199,77.24852533
121,190,2mo_ko,235.779,312.438,0,0,651.3613993,306.9232232,4,347.873,321.122,536.581,98.583,33.375,218.816,62.90111621,291.19,83.70583518
121,191,2mo_ko,404.205,399.307,1,2,962.204995,291.9328058,9,531.6785173,342.4058313,1039.758254,135.1321643,47.46554152,336.3335173,63.25881268,505.2555173,95.03026751
121,192,2mo_ko,37.314,137.354,1,0,284.798963,141.0686025,3,250.913534,184.4967718,516.4502441,90.3005777,30.96085292,34.08753395,13.58537079,145.626534,58.0385329
121,193,2mo_ko,541.058,480.498,1,0,721.679,427.87,7,499.709,467.333,911.074,123.527,44.678,389.38,77.92135023,431.434,86.33704816
121,194,2mo_ko,464.614,497.835,1,0,704.5345451,306.0489593,5,595.7179442,309.6286116,895.4426318,119.3759525,42.18399307,365.2769442,61.31709607,478.2279442,80.27757915
104,195,2mo_ko,189.544,297.76,1,0,463.8373359,196.3161766,5,397.5465057,218.5390155,560.8918747,92.73942146,30.89769158,161.5595057,40.63914621,293.1485057,
104,196,2mo_ko,191.529,455.555,1,2,1126.944113,448.7398722,10,609.3199064,366.379164,992.9731243,143.4113181,44.4279106,102.0169064,16.74274963,490.2349064,80.45607919
104,197,2mo_ko,193.712,224.515,1,0,398.34,182.843,4,401.119,217.846,527.746,91.174,34.098,179.422,44.7303668,322.126,80.30684161
104,198,2mo_ko,0,0,0,0,523.182,318.298,4,505.319,292.37,787.352,124.465,44.544,0,0,209.193,41.39820589
104,199,2mo_ko,0,0,0,0,455.104,310.134,4,526.1586553,205.7405557,667.2747639,106.2760197,39.72004612,0,0,350.7066553,66.65416444
104,200,2mo_ko,0,0,0,0,434.264,194.165,5,454.1120345,204.4171524,678.9848208,117.661525,42.47520046,0,0,247.1020345,54.41433296
104,201,2mo_ko,0,0,0,0,557.518,182.69,9,440.02,347.507,678.1909186,115.7528567,44.17478358,0,0,318.354,72.34989319
104,202,2mo_ko,45.649,34.265,0,1,345.546,112.703,6,321.5303741,184.9677646,420.7681438,81.98395672,28.4914892,37.71037405,11.72840176,237.5753741,73.88893654
104,203,2mo_ko,0,0,0,0,575.976,308.587,6,337.21,212.887,591.259,97.672,34.994,0,0,235.194,69.7470419
104,204,2mo_ko,250.211,272.583,1,1,742.194,326.086,9,448.467,249.178,639.784,105.492,38.973,153.615,34.25335643,358.999,80.05026011
104,205,2mo_ko,325.823,232.749,0,2,729.895,328.421,4,601.075,236.61,758.074,105.986,37.703,302.173,50.27209583,442.566,73.62908123
104,206,2mo_ko,246.066,233.61,0,0,524.085,182.405,5,447.347,226.516,773.925,108.479,35.891,217.887,48.70648512,337.649,75.47809642
104,207,2mo_ko,,,,,,,,,,,,,0,0,,
104,208,2mo_ko,400.801,477.545,0,2,986.277,310.2,8,633.532,284.512,942.246,117.802,40.484,316.263,49.92060385,238.267,37.60930782
104,209,2mo_ko,154.232,280.529,0,0,505.467,179.832,3,450.114,220.883,638.061,100.647,33.816,145.677,32.36446767,351.235,78.032454
104,210,2mo_ko,198.765,274.702,0,0,722.095,280.843,6,401.304,218.855,719.328,111.661,35.769,157.754,39.31034826,319.534,79.623926
104,211,2mo_ko,211.093,230.915,0,2,495.403,156.595,5,378.157,183.702,507.731,98.842,36.891,195.243,51.63014304,350.732,92.74772118
104,212,2mo_ko,378.169,130.987,0,1,994.743,295.211,9,532.382,162.221,617.963,100.114,33.752,345.381,64.87465767,492.648,92.53656209
104,213,2mo_ko,88.638,106.333,0,0,734.943,182.998,8,664.922,320.151,1009.469,139.452,41.773,39.179,5.892270071,426.795,64.18722798
104,214,2mo_ko,36.122,55.504,0,1,752.726,214.488,9,473.475,277.672,736.888,126.779,49.144,25.285,5.340303078,319.54,67.48825176
104,215,2mo_ko,95.862,224.051,0,2,692.986,230.686,6,417.903,194.638,577.951,108.058,36.948,58.073,13.89628694,315.928,75.59840441
104,216,2mo_ko,56.962,34.27,0,1,606.849,215.723,4,479.588,255.979,811.077,121.56,41.975,49.737,10.37077658,285.919,59.61763013
104,217,2mo_ko,179.498,108.57,0,2,590.455,145.64,7,258.411,158.856,414.013,84.896,31.425,7.78,3.010707749,182.555,70.64521247
104,218,2mo_ko,93.361,108.464,0,2,637.136,128.697,5,601.291,321.28,977.793,133.179,50.475,48.069,7.994298933,272.026,45.24032457
104,219,2mo_ko,128.65,76.739,0,3,293.143,92.372,7,385.393,143.404,467.918,89.187,30.601,82.524,21.4129473,219.232,56.88530928
104,220,2mo_ko,223.956,207.236,0,4,726.885,128.494,8,549.609,324.699,981.683,129.58,42.778,123.37,22.44686677,358.441,65.21745459
104,221,2mo_ko,201.171,313.208,0,5,788.57,239.993,9,464.028,166.491,583.231,103.766,40.916,58.073,12.51497754,323.986,69.82035567
104,222,2mo_ko,288.906,309.834,0,3,809.556,238.091,6,478.549,223.69,700.637,103.821,36.201,214.362,44.79415901,416.365,87.00571937
104,223,2mo_ko,197.368,384.047,1,1,644.246,228.272,5,324.826,210.896,522.966,90.512,28.917,83.041,25.5647639,268.435,82.6396286
104,224,2mo_ko,149.861,294.013,0,1,606.781,203.387,7,539.575,251.727,875.989,117.582,42.557,122.824,22.76310059,436.449,80.88755039
104,225,2mo_ko,295.472,319.954,0,1,578.971,230.056,7,332.551,230.056,572.792,101.059,37.562,155.268,46.68998139,256.462,77.1195997
191,226,3mo_ko,269.441,444.929,0,0,524.827,379.272,2,456.996,357.956,888.892,125.336,42.847,236.88,51.83,383.14,83.84
191,227,3mo_ko,270.382,211.277,0,1,417.715,186.117,4,303.074,184.654,395.565,81.81,30.893,210.71,69.52,270.19,89.15
191,228,3mo_ko,271.324,269.623,0,0,408.491,268.753,2,313.177,225.959,603.701,123.657,41.634,238.95,76.3,256.64,81.95
191,229,3mo_ko,342.292,545.324,0,1,642.417,503.366,3,446.077,418.746,867.432,137.33,47.513,294.85,66.1,381.38,85.5
191,230,3mo_ko,326.291,304.4,0,2,734.468,244.73,8,432.775,282.998,656.786,107.746,36.487,265.3,61.3,414.58,95.8
191,231,3mo_ko,473.985,350.431,0,0,763.945,311.089,4,607.873,330.932,901.825,120.064,42.003,429.17,70.6,519.8,85.51
191,232,3mo_ko,494.839,450.762,0,0,877.755,416.857,6,715.692,391.214,1039.151,137.558,47.816,466.22,65.14,606.76,84.78
191,233,3mo_ko,619.852,451.004,0,0,731.333,329.358,5,566.719,305.983,999.329,132.982,47.462,450.14,79.43,496.89,87.68
191,234,3mo_ko,168.718,143.642,0,1,341.762,155.727,2,222.517,127.642,324.014,76.006,26.446,152.19,68.39,181.03,81.36
191,235,3mo_ko,430.718,389.195,0,0,589.47,356.858,2,499.312,331.152,921.886,153.237,49.266,370.5,74.2,429.46,86.01
191,236,3mo_ko,388.162,420.122,0,0,467.538,388.654,1,571.347,399.472,1007.571,139.225,48.478,372.91,65.27,411.68,72.05
191,237,3mo_ko,522.84,588.557,0,0,742.732,511.384,6,622.913,494.357,1102.144,147.119,47.154,437.89,70.3,472.2,75.81
191,238,3mo_ko,335.001,261.889,0,0,526.726,244.308,1,378.935,207.029,559.189,104.396,36.124,276.06,72.85,316.94,83.64
191,239,3mo_ko,565.291,488.876,0,0,784.719,458.274,3,667.56,409.357,1209.541,151.562,48.176,473.88,70.99,541.25,81.08
191,240,3mo_ko,223.456,123.354,0,0,317.183,110.474,2,260.19,131.039,316.695,71.564,24.115,199.29,76.59,227.12,87.29
191,241,3mo_ko,282.148,384.323,0,0,444.962,288.368,4,354.786,295.539,690.499,118.934,47.353,223.91,63.11,268.41,75.65
191,242,3mo_ko,111.368,122.902,0,0,224.929,97.419,2,165.737,100.161,203.079,69.325,27.87,102.6,61.9,140.45,84.74
191,243,3mo_ko,325.856,346.76,1,0,615.218,319.73,4,471.562,260.357,716.091,132.343,54.702,306.04,64.9,379.16,80.41
191,244,3mo_ko,252.593,292.774,1,4,475.389,186.586,6,358.934,152.922,490.698,91.511,33.004,198.74,55.37,288.68,80.43
191,245,3mo_ko,530.61,465.893,1,2,747.118,409.62,6,653.353,370.511,1235.766,148.536,52.141,443.68,67.91,495.76,75.88
191,246,3mo_ko,222.249,221.586,0,0,290.318,199.895,2,300.706,173.41,406.09,84.535,31.842,194.5,64.68,218.83,72.77
191,247,3mo_ko,333.511,338.76,1,0,417.982,287.187,2,437.801,280.083,736.73,114.851,42.893,300.43,68.62,290.05,66.25
191,248,3mo_ko,398.265,459.872,1,0,464.04,409.651,3,550.455,342.045,906.396,135.888,47.408,363.97,66.12,380.28,69.08
191,249,3mo_ko,237.16,416.199,0,0,574.629,419.154,4,442.757,399.836,930.168,126.796,44.817,222.38,50.23,374.81,84.65
191,250,3mo_ko,274.665,323.725,0,0,457.053,308.759,4,390.153,272.203,896.357,153.43,52.526,251.29,64.41,306.39,78.53
191,251,3mo_ko,357.348,221.972,0,0,375.687,227.241,5,378.086,238.72,567.729,108.989,35.017,304.05,80.42,316.9,83.82
191,252,3mo_ko,416.992,368.617,0,3,742.204,277.014,7,433.616,299.44,779.995,136.388,46.261,94.95,21.9,420.16,96.9
191,253,3mo_ko,312.714,286.921,0,0,481.322,255.779,6,424.766,247.247,610.792,105.314,38.962,275.5,64.86,352.12,82.9
191,254,3mo_ko,377.548,363.513,0,2,607.812,287.998,8,364.237,223.873,654.5,141.385,37.893,215.1,59.05,309.8,85.05
191,255,3mo_ko,195.397,100.018,0,2,647.327,204.5,6,399.969,311.819,699.742,142.153,51.928,87.84,21.96,186.5,46.63
191,256,3mo_ko,398.697,497.217,1,0,565.662,397.143,4,537.138,411.197,1034.397,138.17,53.953,0,66.43,402.51,74.94
191,257,3mo_ko,242.649,378.964,0,0,405.542,380.658,2,424.509,345.025,700.614,113.21,38.306,0,53.32,286.25,67.43
182,258,3mo_wt,231.923,305.331,0,0,389.192,215.109,2,335.623,299.43,623.468,102.03,35.248,208.215,62.03835852,216.359,64.46489067
182,259,3mo_wt,251.016,256.836,0,0,416.61,215.814,2,332.818,234.009,499.588,95.636,36.488,245.134,73.65406919,81.712,24.55155671
182,260,3mo_wt,221.969,274.278,0,0,371.547,191.737,2,305.762,235.912,516.148,88.794,29.041,183.059,59.86976799,249.568,81.62165344
182,261,3mo_wt,155.893,217.361,0,0,423.828,239.687,3,257.428,209.681,465.214,91.189,35.335,151.605,58.8921951,213.04,82.75712044
182,262,3mo_wt,235.228,260.488,0,0,320.241,245.295,2,264.593,243.635,558.654,99.661,34.579,215.629,81.49459736,219.059,82.79092795
182,263,3mo_wt,234.773,306.439,0,0,400.319,295.581,3,304.772,294.231,592.499,112.238,40.41,227.389,74.60954418,260.631,85.51671413
182,264,3mo_wt,196.279,241.107,0,0,281.277,232.794,1,249.839,239.138,526.875,107.184,39.987,189.375,75.79881444,197.858,79.19420107
182,265,3mo_wt,283.855,272.359,0,0,413.516,245.285,2,257.075,258.703,628.091,107.452,35.672,238.944,92.9471944,236.116,91.84712633
182,266,3mo_wt,179.977,186.888,0,0,398.961,271.066,2,185.633,157.967,434.308,85.057,31.689,135.981,73.25260056,162.678,87.63420297
182,267,3mo_wt,147.211,195.312,0,0,264.466,160.772,1,191.302,182.459,335.14,75.15,26.325,139.983,73.17382986,161.346,84.34098964
182,268,3mo_wt,198.61,293.695,0,0,352.086,225.428,2,250.974,266.948,457.615,96.963,36.43,179.738,71.61618335,230.414,91.80791636
182,269,3mo_wt,200.504,311.087,0,0,332.072,274.92,2,273.289,278.368,545.188,97.986,36.057,188.641,69.02619571,230.11,84.20024223
182,270,3mo_wt,94.267,135.641,0,0,203.711,162.667,2,120.559,124.895,206.062,64.118,23.764,89.992,74.6456092,95.79,79.45487272
182,271,3mo_wt,237.289,290.774,0,0,333.772,239.043,1,290.619,270.662,543.887,102.435,31.033,226.195,77.83214449,235.152,80.91418662
182,272,3mo_wt,237.9,366.699,0,0,375.194,345.75,1,330.922,340.339,694.412,111.626,37.631,215.611,65.15462858,270.111,81.62376633
182,273,3mo_wt,232.047,260.106,0,0,359.114,282.005,2,253.929,247.332,567.448,102.645,36.273,204.822,80.66112969,211.234,83.18624497
182,274,3mo_wt,187.114,372.446,0,0,422.214431,353.3873117,2,289.91,351.209,747.64,113.56,38.98,178.161,61.45389949,253.932,87.58994171
182,275,3mo_wt,189.913,242.278,0,0,337.7918999,226.7879308,2,209.15,258.111,436.0049711,84.10529344,28.24473281,171.697,82.09275639,171.748,82.11714081
182,276,3mo_wt,145.182,166.562,0,0,185.384,148.661,1,167.4202095,139.9928147,265.5315055,70.72514073,27.79158178,130.2212095,77.78105755,127.6772095,76.26152773
182,277,3mo_wt,177.75,305.247,0,0,380.2830473,246.0066743,3,255.4557604,283.1664609,470.761203,86.65747153,29.74700834,169.8627604,66.49400277,227.6197604,89.10339702
130,278,1mo_ko,296.48,295.734,0,0,376.443,212.569,2,282.369,297.624,440.971,88.036,31.452,238.713,84.53937932,244.886,86.72552582
130,279,1mo_ko,262.819,288.515,0,0,366.741,157.498,2,295.304,249.23,421.569,86.99,30.407,233.568,79.09408609,266.053,90.09461436
130,280,1mo_ko,178.152,271.165,0,0,317.499,200.092,3,218.281,283.039,365.124,83.38,33.61,159.632,73.13142234,175.36,80.33681356
130,281,1mo_ko,172.714,181.115,0,0,252.824,140.148,2,193.88,173.206,280.458,75.209,30.865,161.395,83.24479059,181.827,93.783268
130,282,1mo_ko,303.976,354.446,0,0,405.253,228.78,3,338.96,309.235,560.916,94.34,32.936,271.785,80.18202738,263.113,77.62361341
130,283,1mo_ko,288.887,283.64,0,0,366.01,222.032,2,263.579,237.041,486.546,96.571,34.705,225.468,85.54095736,217.365,82.46673673
130,284,1mo_ko,255.777,223.694,0,0,347.004,179.612,2,297.589,206.218,425.327,83.422,29.004,235.87,79.26032212,260.378,87.49584158
130,285,1mo_ko,298.189,310.075,0,0,447.034,229.233,3,341.202,267.718,530.659,90.859,30.468,271.281,79.5074472,285.585,83.69968523
130,286,1mo_ko,284.444,344.818,0,0,435.895,272.182,3,344.551,273.469,586.684,101.606,37.555,256.047,74.31323665,282.361,81.95042243
130,287,1mo_ko,299.021,319.304,0,0,429.08,273.587,3,361.306,239.75,531.688,93.396,31.492,271.95,75.26860888,283.593,78.49108512
130,288,1mo_ko,212.505,249.894,0,0,356.194,238.761,2,272.991,219.014,405.321,85.999,30.609,194.899,71.39392874,228.881,83.84195816
130,289,1mo_ko,246.392,232.023,0,0,262.957,176.431,2,253.491,193.431,354.68,80.808,31.619,219.036,86.40780146,195.277,77.03508211
130,290,1mo_ko,158,268.835,0,0,272.591,225.587,3,206.682,252.218,302.773,75.63,30.302,144.409,69.87013867,170.455,82.47210691
130,291,1mo_ko,197.409,304.713,0,0,287.137,203.089,3,220.182,255.806,325.41,89.787,35.517,173.318,78.71578966,184.955,84.00096284
130,292,1mo_ko,187,240.507,0,0,258.728,184.212,2,189.137,201.837,277.591,68.165,24.72,152.137,80.43746068,162.001,85.65272792
130,293,1mo_ko,121.65,174.793,0,0,180.66,144.257,1,146.375,152.844,271.564,76.302,29.696,95.73,65.40051238,115.078,78.61861657
130,294,1mo_ko,101.107,166.512,0,0,182.222,137.158,1,141.642,144.257,231.443,65.267,24.399,86.722,61.22618997,117.468,82.93302834
130,295,1mo_ko,153.315,276.386,0,0,291.74,189.55,3,230.8,243.137,394.915,83.955,30.178,144.399,62.56455806,199.273,86.34012132
130,296,1mo_ko,154.602,324.08,0,0,393.904,261.597,2,259.386,313.716,490.415,91.47,27.807,135.53,52.2503142,218.851,84.37271094
130,297,1mo_ko,159.763,325.338,0,0,333.018,271.03,3,297.56,303.283,495.336,97.626,30.801,155.081,52.11755612,245.304,82.4384998
132,298,1mo_ko,173.376,131.61,0,0,194.612,122.272,2,175.172,125.49,243.634,67.361,23.439,157.422,89.86710205,125.938,71.89390999
132,299,1mo_ko,147.068,154.436,0,0,207.29,131.898,2,169.678,136.936,232.964,64.157,23.95,135.975,80.13708318,133.756,78.82931199
132,300,1mo_ko,222.504,207.351,0,0,238.352,166.347,3,226.836,173.873,338.827,76.731,28.554,190.069,83.7913735,173.059,76.29256379
132,301,1mo_ko,196.725,214.121,0,0,287.269,125.234,4,222.398,177.866,297.94,77.237,29.149,177.39,79.76240794,209.931,94.39428412
132,302,1mo_ko,216.444,276.659,0,0,271.768,141.474,2,215.889,182.029,372.572,80.094,29.268,166.527,77.1354724,184.968,85.67736198
132,303,1mo_ko,168.607,249.622,0,0,263.449,171.858,2,205.074,163.922,286.882,78.988,33.31,143.094,69.77676351,172.074,83.90824775
132,304,1mo_ko,298.113,286.559,0,0,400.165,219.583,3,326.676,259.447,492.649,93.606,30.69,258.179,79.03212969,250.137,76.5703633
132,305,1mo_ko,165.557,223.812,0,0,290.487,141.075,2,221.02,170.768,320.437,71.669,26.813,144.759,65.49588273,202.024,91.40530269
132,306,1mo_ko,212.7,306.517,0,0,299.777,193.976,1,327.508,200.258,433.027,80.764,27.716,198.141,60.49959085,258.595,78.95837659
132,307,1mo_ko,236.688,268.399,0,0,365.223,214.392,3,306.987,165.863,388.24,94.463,39.646,221.713,72.22227651,231.141,75.29341633
132,308,1mo_ko,209.439,187.157,0,0,324.388,121.284,2,272.953,149.98,360.236,79.007,27.423,205.543,75.30344052,233.013,85.36744421
132,309,1mo_ko,159.758,148.303,0,0,267.303,151.299,3,191.32,128.694,259.705,73.522,28.156,153.718,80.34601714,153.913,80.44794062
132,310,1mo_ko,234.767,187.434,0,0,274.901,143.177,2,254.639,142.811,328.284,79.221,32.853,206.322,81.02529463,215.284,84.54478693
132,311,1mo_ko,333.739,325.661,0,0,421.996,195.057,3,421.606,266.289,580.78,93.176,32.225,311.139,73.79852279,336.661,79.85204195
132,312,1mo_ko,217.817,221.917,0,0,255.808,125.03,2,243.729,165.952,316.205,84.625,36.379,197.36,80.97518145,216.074,88.65338142
132,313,1mo_ko,291.087,287.981,0,0,336.601,187.657,2,324.097,177.383,414.424,88.279,28.403,263.779,81.38890517,273.282,84.32105203
132,314,1mo_ko,198.76,215.087,0,0,247.274,205.048,2,238.371,170.602,329.799,75.511,27.61,186.655,78.30440783,165.249,69.32428861
132,315,1mo_ko,218.966,298.676,0,0,341.102,192.691,3,298.99,202.039,398.019,86.265,33.653,199.26,66.64436938,241.573,80.7963477
132,316,1mo_ko,314.877,533.007,0,0,666.521,501.564,3,561.654,494.977,1053.066,132.984,43.41,286.232,50.96233624,431.598,76.84410687
132,317,1mo_ko,339.187,444.872,0,0,619.328,396.368,3,501.016,491.783,929.65,135.558,49.121,302.695,60.41623421,375.844,75.01636674
132,318,1mo_ko,144.543,268.356,0,0,327.718,189.483,3,204.083,231.665,344.949,85.134,34.193,130.824,64.10333051,181.474,88.92166422
132,319,1mo_ko,132.021,246.034,0,0,252.741,176.249,2,186.411,224.938,312.054,78.582,30.413,118.27,63.44582669,170.109,91.25480792
132,320,1mo_ko,198.006,351.204,0,0,400.323,269.189,2,364.547,323.08,573.366,99.897,31.581,183.508,50.33863946,290.908,79.7998612
132,321,1mo_ko,212.052,244.624,0,0,330.195,217.305,2,299.217,256.927,491.555,89.945,29.509,190.705,63.73468085,237.364,79.32838041
132,322,1mo_ko,382.524,403.919,0,0,601.045,242.383,3,596.357,354.535,829.293,117.888,40.184,348.008,58.35564938,474.352,79.54161685
221,323,1mo_ko,161.743,248.067,0,0,280.9002169,218.4176699,2,230.1252506,236.53569,379.1743452,85.00898015,32.32696629,150.5842506,65.43577908,199.9262506,86.87714628
221,324,1mo_ko,182.984,291.301,0,1,286.8376121,218.970521,2,307.0554667,245.8048614,482.4133644,88.06654723,30.35493901,166.0424667,54.07572399,232.6334667,75.76268522
221,325,1mo_ko,179.811,227.412,0,0,304.9057201,194.9381097,2,328.6553011,239.5477806,459.4827345,91.93812049,37.4882811,178.7873011,54.39964014,267.0803011,81.2645651
221,326,1mo_ko,111.695,208.827,0,0,265.039,164.845,1,200.01,194.406,352.313,73.618,26.287,107.814,53.90430478,172.654,86.32268387
221,327,1mo_ko,199.726,288.268,0,0,287.568,201.281,2,261.537,230.407,420.845,87.994,33.058,182.688,69.85168447,223.864,85.59553715
221,328,1mo_ko,149.653,205.843,0,0,282.835,172.291,2,233.424,159.176,347.675,79.516,28.206,138.388,59.28610597,182.12,78.0211118
221,329,1mo_ko,126.556,200.603,0,0,290.313,167.275,3,184.96,185.102,361.874,75.93,27.202,115.86,62.64057093,163.946,88.63862457
221,330,1mo_ko,132.787,229.633,0,0,248.132,177.692,2,205.536,181.955,315.775,78.542,30.754,119.174,57.98205667,179.851,87.50340573
221,331,1mo_ko,135.835,150.542,0,0,188.052,86.662,2,166.047,143.679,254.899,80.307,34.229,130.007,78.29530193,143.566,86.46106223
221,332,1mo_ko,140.236,170.608,0,0,230.277,111.231,2,201.136,131.43,283.089,73.473,29.59,134.884,67.06109299,182.818,90.8927293
221,333,1mo_ko,166.523,185.546,0,0,204.347,144.821,2,204.347,180.279,376.817,86.223,33.686,188.646,92.31650085,164.976,80.73326254
221,334,1mo_ko,204.156,199.611,0,0,485.926,207.827,2,258.148,164.334,443.07,81.241,27.542,174.123,67.45084215,246.843,95.62072919
221,335,1mo_ko,192.177,182.566,0,0,257.642,151.214,1,258.992,157.023,405.951,83.025,30.793,187.79,72.50803114,212.762,82.1500278
221,336,1mo_ko,198.42,161.629,0,0,305.391,109.764,2,233.514,153.414,369.506,77.291,27.098,187.452,80.27441609,211.749,90.6793597
221,337,1mo_ko,201.963,175.114,1,0,259.667,116.635,2,201.626,150.65,342.004,82.643,33.765,165.688,82.17590985,171.931,85.27223672
221,338,1mo_ko,224.134,257.304,0,0,327.879,205.134,2,268.302,234.495,475.626,90.77,31.459,210.868,78.59352521,245.641,91.55392058
221,339,1mo_ko,165.464,152.407,0,0,193.81,149.298,1,254.953,142.159,341.722,79.792,31.499,161.591,63.38070154,187.301,73.46491314
221,340,1mo_ko,189.113,178.758,0,0,169.666,178.729,1,192.327,176.839,358.78,78.099,27.605,170.243,88.51747285,152.609,79.34871339
221,341,1mo_ko,220.838,265.829,0,0,380.864,208.968,3,289.644,279.324,498.864,98.315,37.737,214.74,74.13928823,250.915,86.62875806
221,342,1mo_ko,231.862,297.454,0,0,367.721,207.284,2,307.719,281.877,447.541,91.504,34.402,221.36,71.93575957,288.322,93.69652183
221,343,1mo_ko,134.076,155.086,0,0,206.96,140.98,2,190.697,150.878,291.655,68.703,25.848,129.683,68.0047405,158.232,82.97561052
221,344,1mo_ko,126.597,186.595,0,0,220.373,187.9,1,201.025,188.245,425.79,83.37,28.219,120.366,59.87613481,163.871,81.51772168
202,345,1mo_wt,215.098,364.508,0,0,475.324,316.973,3,328.718,326.285,631.436,112.917,34.74,204.103,62.09060654,271.622,82.63070474
202,346,1mo_wt,199.213,267.758,0,0,348.456,252.851,3,290.491,268.694,472.148,89.303,29.049,188.708,64.9617372,236.358,81.36499926
202,347,1mo_wt,169.052,297.147,0,0,404.772,309.261,3,261.383,290.142,424.685,95.961,37.036,161.513,61.7917003,224.679,85.95777078
202,348,1mo_wt,206.631,319.877,0,0,378.386,267.865,4,280.306,268.326,435.574,91.948,33.79,198.484,70.80975791,250.037,89.20144414
202,349,1mo_wt,131.646,192.458,0,0,224.872,180.222,2,188.793,173.458,304.257,72.803,27.393,126.201,66.84622841,155.818,82.53378038
202,350,1mo_wt,168.082,235.43,0,0,227.518,168.254,3,240.902,223.99,372.243,84.16,30.033,156.988,65.1667483,170.117,70.6166823
202,351,1mo_wt,214.132,318.553,0,0,416.857,299.873,2,330.714,287.332,562.12,98.567,36.163,195.829,59.21400364,284.227,85.94344358
202,352,1mo_wt,169.269,204.283,0,0,282.286,204.65,2,264.573,299.312,456.62,95.163,34.402,165.207,62.44287966,199.066,75.24048183
202,353,1mo_wt,198.47,367.681,0,0,460.039,336.699,4,325.468,370.892,599.38,105.204,37.136,182.377,56.03530915,276.424,84.93123748
202,354,1mo_wt,211.25,289.317,0,0,386.127,287.378,3,344.511,294.553,528.963,94.399,33.655,189.332,54.95673578,258.001,74.88904563
202,355,1mo_wt,157.766,211.651,0,0,214.029,165.522,1,243.506,178.88,396.658,88.423,31.779,144.694,59.42112309,167.891,68.94737707
202,356,1mo_wt,117.267,133.938,0,0,193.267,78.24,2,169.301,129.519,267.087,67.659,25.579,112.782,66.61626334,115.602,68.28193572
202,357,1mo_wt,149.564,175.387,0,0,334.628,171.597,2,217.746,162.904,341.677,82.138,33.981,139.44,64.03791574,179.81,82.57786595
202,358,1mo_wt,202.842,277.689,0,0,347.134,184.733,3,257.621,275.403,423.547,84.027,32.689,183.193,71.10949806,222.292,86.28644404
202,359,1mo_wt,242.537,341.692,0,0,399.134,233.686,3,395.363,265.125,584.114,100.759,36.001,228.247,57.73099658,288.385,72.94182814
202,360,1mo_wt,227.056,322.134,0,0,311.607,214.885,2,345.546,269.968,633.534,98.716,33.33,198.674,57.49567351,226.858,65.65204054
202,361,1mo_wt,218.72,256.934,0,0,397.943,217.152,4,260.4,219.456,415.211,108.472,45.928,192.124,73.78033794,216.735,83.23156682
202,362,1mo_wt,190.933,270.318,0,0,326.691,173.105,2,214.552,195.246,439.425,88.896,34.376,140.719,65.58736344,175.254,81.6836944
202,363,1mo_wt,140.135,194.831,0,0,295.39,159.75,3,185.61,164.92,362.39,80.12,26.43,129.831,69.94827865,153.139,82.50579171
202,364,1mo_wt,80.061,170.266,0,0,278.72,173.17,3,137.67,150.85,269.67,74.89,26.73,73.988,53.74300864,123.983,90.05810997
202,365,1mo_wt,138.227,246.353,0,0,308.18,186.03,2,225.04,229.32,379.05,97.88,33.19,134.202,59.6347316,202.849,90.13908638
202,366,1mo_wt,105.147,185.476,0,0,222.21,154.87,3,125.95,136.13,217.91,69.54,25.19,67.694,53.74672489,85.734,68.069869
202,367,1mo_wt,171.789,231.01,0,0,316.93,265.59,3,215.76,218.19,363.38,78.19,27.11,162.193,75.17287727,170.965,79.23850575
202,368,1mo_wt,100.473,162.195,0,0,225.86,150.09,2,142.59,147.24,262.3160263,77.83048322,31.2513355,94.354,66.17154078,112.471,78.87720036
202,369,1mo_wt,115.872,172.858,0,0,224.19528,159.5255807,3,177.1671119,165.8090901,260.2778874,71.48030872,27.31224709,110.1351119,62.16453535,144.3301119,81.46552165
202,370,1mo_wt,129.082,209.486,0,0,256.6545293,151.4097619,2,208.9469815,175.2609865,323.384707,74.52206574,26.70152028,124.0999815,59.39304823,170.7509815,81.71976464
202,371,1mo_wt,104.549,167.557,0,0,190.075325,133.370653,2,127.2704519,161.6178504,205.7010566,68.63854705,27.82428506,81.9034519,64.35386272,105.3794519,82.79962106
127,372,2mo_ko,57.824,123.486,0,1,424.0981017,208.8626275,3,408.0725794,241.3317479,571.7972459,96.78177315,35.00770531,53.52857939,13.11741638,302.6675794,74.17003609
127,373,2mo_ko,22.964,31.877,0,1,492.3304804,223.4952689,4,333.8925842,190.7063453,550.980588,98.58794951,34.19118415,21.80758419,6.531317323,267.4775842,80.10887239
127,374,2mo_ko,0,0,0,0,772.8597273,275.549272,5,459.783801,331.157855,1007.129734,133.6423284,46.92659187,0,0,380.316801,82.71644198
127,375,2mo_ko,21.147,21.728,0,1,492.0000573,200.8559368,2,433.846,219.308,596.579,100.945,35.644,17.348,3.9986539,296.72,68.39293205
127,376,2mo_ko,39.651,26.425,0,1,637.551451,274.5560201,8,535.946335,273.2908257,772.3640926,112.1287148,35.53233489,0,0,342.483335,63.9025426
127,377,2mo_ko,0,0,0,0,565.0668744,264.6089299,4,462.7136812,293.1604602,767.0695916,105.6669028,35.70676649,0,0,192.3466812,41.56926605
127,378,2mo_ko,46.735,36.888,1,1,516.4008278,164.1637219,6,322.1228799,134.7591574,424.0898347,78.96152031,26.98257784,20.08487987,6.235160904,247.9648799,76.97835061
127,379,2mo_ko,229.426,200.412,0,4,614.1191595,146.6114611,7,548.4586204,208.6604962,714.9273988,105.1520512,37.08111292,191.1876204,34.85907839,467.7346204,85.28166082
127,380,2mo_ko,107.761,124.79,1,0,332.16508,134.8216194,4,350.3182878,149.8254947,497.0889045,90.0857139,29.33495015,91.92428782,26.24021954,244.8752878,69.9008006
127,381,2mo_ko,251.827,232.578,0,0,519.876974,177.7738389,3,431.042127,250.4580886,645.4044751,102.3020727,37.00291014,233.674127,54.21143605,361.905127,83.96050046
127,382,2mo_ko,123.596,88.479,0,1,597.8971439,214.9636394,7,537.2577049,266.9181842,886.8035158,116.8535584,39.00999298,71.06770491,13.22786146,315.1707049,58.66285435
127,383,2mo_ko,118.189,126.157,0,1,397.4393806,169.738755,2,405.5503883,207.5317417,638.8384212,100.0294077,33.38110201,94.62838832,23.33332455,312.8533883,77.14291425
127,384,2mo_ko,110.078,198.993,1,1,697.933,192.263,10,353.408,185.32,555.025,98.786,34.198,79.951,22.62286083,293.927,83.16931139
127,385,2mo_ko,79.565,120.208,1,4,724.197,185.559,7,432.5870809,205.6855938,618.3677826,107.1489956,42.30180621,52.91508088,12.23223791,397.4390809,91.87493072
127,386,2mo_ko,334.546,237.593,0,1,625.6750685,185.9930022,8,497.5196991,269.7092183,691.9550959,102.8403081,34.29665784,251.0666991,50.46366999,427.2546991,85.87694113
127,387,2mo_ko,311.894,137.574,0,2,645.1815323,158.7442681,8,407.5382696,224.5475976,722.9976403,106.5501884,34.61927083,220.4442696,54.09167335,350.6972696,86.05259819
127,388,2mo_ko,171.573,248.945,0,0,489.9688099,236.7233921,4,359.0867306,251.1295822,657.3468537,104.8293879,35.19013822,129.8337306,36.1566495,281.8997306,78.50463595
127,389,2mo_ko,184.368,233.826,0,4,498.9879276,156.3757842,6,359.2964775,181.8195563,489.3395692,103.8483297,43.85395682,132.9794775,37.01107186,312.1034775,86.86516486
127,390,2mo_ko,229.253,234.133,0,1,424.9472641,192.6999839,5,370.4130644,207.4665122,534.6449043,102.8672715,42.88916537,203.8740644,55.03965275,315.4590644,85.16413019
127,391,2mo_ko,68.377,30.422,0,1,823.466416,204.1090727,8,579.3209987,279.1180587,950.1535569,126.5442137,39.99150261,54.32399872,9.377184469,517.6549987,89.35546957
127,392,2mo_ko,171.573,265.452,1,1,571.3506157,191.404617,5,356.1502737,166.4783374,477.5937415,101.0353461,40.80919702,135.0772737,37.92704475,321.1222737,90.16482575
127,393,2mo_ko,364.75,322.049,0,0,629.8700069,282.7819095,3,445.0829686,283.8280632,888.6977088,115.0161026,38.71500362,288.6119686,64.84453214,390.7589686,87.7946352
127,394,2mo_ko,181.403,235.767,0,0,355.5002823,185.859947,3,296.544176,206.0804512,431.2110087,85.58654144,29.26819411,179.766176,60.62036976,257.492176,86.83096713
127,395,2mo_ko,343.155,453.843,1,0,865.6973566,299.8999111,6,421.5109655,266.1477777,714.1499293,112.1748711,37.77785181,280.1679655,66.46753903,391.1509655,92.79734041
127,396,2mo_ko,332.573,357.464,1,0,478.9553768,302.6384469,5,429.1954153,311.1567426,704.3239116,104.5595701,35.28108398,326.6524153,76.10808589,352.0994153,82.03708678
127,397,2mo_ko,109.478,123.961,0,1,474.1290307,102.3503157,6,364.8571056,113.4121159,438.9397667,90.69257056,34.98879783,46.91910561,12.8595839,297.5651056,81.55661519
127,398,2mo_ko,75.317,46.043,0,1,493.4728366,124.2537753,6,490.5918442,263.3273905,799.0638134,115.0521097,41.60112109,47.74184421,9.73147939,268.9608442,54.8237496
127,399,2mo_ko,71.819,112.148,1,1,394.9017404,186.5096185,2,450.6695213,189.2770242,591.8381476,98.10640171,34.65787118,63.79352132,14.15527749,315.0575213,69.90877049
127,400,2mo_ko,197.123,193.176,1,0,365.6624681,190.3886179,2,238.026,196.856,470.877,102.198,36.511,173.468,72.87775285,208.704,87.68117769
127,401,2mo_ko,218.56,252.435,0,0,296.176743,191.9130661,2,260.2018641,204.1378757,590.8750664,96.3118138,33.00155298,184.0628641,70.73848788,193.9198641,74.52670056
127,402,2mo_ko,272.768,338.669,0,0,482.457623,275.4099531,3,398.926911,244.5924276,688.4507654,124.3505568,43.86247614,235.314911,58.98697343,318.845911,79.92589675
127,403,2mo_ko,291.002,408.567,0,0,441.8010818,341.6974629,4,460.5277311,313.9787234,807.7099531,112.9688584,41.20338095,249.6067311,54.20015218,320.5607311,69.60725912
127,404,2mo_ko,220.285,274.097,0,1,399.666,234.253,3,307.018,218.901,590.136,97.836,34.265,196.876,64.12523044,265.129,86.35617456
194,405,3mo_ko,275.946,277.76,0,0,676.431,268.957,8,469.033,347.24,973.092,138.446,46.157,158.688,33.83301388,371.987,79.30934497
194,406,3mo_ko,0,0,0,0,982.633,322.514,9,552.896,363.918,1004.855,132.555,41.072,0,0,434.634,78.61044392
194,407,3mo_ko,250.567,145.869,0,4,466.635,114.955,4,543.769,335.779,1132.832,167.339,53.193,116.014,21.33516254,159.978,29.42021336
194,408,3mo_ko,627.84,533.318,0,0,1053.485,481.308,3,696.304,494.653,1378.69,161.485,59.926,532.291,76.4452021,638.937,91.76121349
194,409,3mo_ko,433.168,470.689,0,0,870.663,504.22,3,643.075,452.692,1448.471,171.658,54.06,370.534,57.61909575,520.253,80.90082805
194,410,3mo_ko,407.4,466.694,0,0,919.19,415.972,4,746.524,449.774,1244.207,163.387,59.156,386.334,51.75104886,656.618,87.95671673
194,411,3mo_ko,366.187,539.782,0,1,861.753,425.917,4,634.258,502.989,1245.401,140.919,49.274,330.765,52.14991376,567.573,89.48613971
194,412,3mo_ko,368.848,324.665,0,0,588.859,226.198,5,507.54,242.765,754.824,126.921,49.025,302.495,59.60022855,442.85,87.25420656
194,413,3mo_ko,547.768,427.579,0,0,933.888,383.216,4,698.172,422.895,1179.118,154.033,50.943,500.625,71.70510992,614.482,88.01298247
194,414,3mo_ko,436.598,388.099,0,4,657.292,366.366,8,518.018,338.925,880.898,131.64,44.382,336.482,64.95565791,397.709,76.77513137
194,415,3mo_ko,196.709,299.091,0,0,396.981,262.896,2,302.956,269.218,510.853,106.549,38.698,181.306,59.84565415,262.342,86.59409287
194,416,3mo_ko,393.786,354.905,0,0,503.951,341.876,2,461.091,363.877,775.571,136.472,46.16,363.592,78.85471631,382.984,83.06039372
194,417,3mo_ko,0,0,0,0,1112.917,612.826,6,670.9518116,411.2430534,1223.461027,169.2129868,52.44769137,0,0,555.7688116,82.8328953
194,418,3mo_ko,415.97,514.455,0,0,1045.295612,493.0212053,6,644.7473276,505.5217953,1298.062309,154.6304843,56.85629815,362.6833276,56.25200944,539.1773276,83.62614384
194,419,3mo_ko,440.333,343.762,1,0,682.863,309.121,5,448.809,311.298,1157.843,149.079,49.791,284.851,63.4682014,308.331,68.69982554
194,420,3mo_ko,500.356,601.952,1,0,1456.126,562.293,14,664.637,503.062,2253.809,196.089,64.175,331.923,49.94049383,520.916,78.37601578
194,421,3mo_ko,273.077,371.261,0,1,642.429723,344.8281693,5,303.1261387,230.3967677,570.0748317,132.9852357,45.66519619,207.4441387,68.4349227,273.7361387,90.30436632
194,422,3mo_ko,209.415,288.633,0,0,506.236,211.216,7,213.132,310.325,708.474,124.208,48.32,127.008,59.59123923,170.07,79.79561962
194,423,3mo_ko,246.71,357.754,1,0,561.7295753,357.4637474,5,440.7456102,357.3917866,800.877964,137.5598017,44.72082393,230.6896102,52.34076185,332.1936102,75.37082673
194,424,3mo_ko,168.66,196.528,0,0,317.4547475,126.0977634,4,235.8162032,98.35399437,276.4432339,67.97704495,24.06839483,143.1562032,60.7066865,194.8042032,82.60848939
194,425,3mo_ko,385.223,473.392,1,2,697.3370865,311.5851554,6,503.0558972,339.7647176,940.8147096,128.4695541,40.51090468,288.4398972,57.33754416,433.5848972,86.19020264
194,426,3mo_ko,328.274,551.749,1,2,644.9801546,354.5451913,6,644.9801546,354.5451913,939.2046445,135.3663145,48.29418582,388.0261546,60.16094477,556.9631546,86.35353361
194,427,3mo_ko,408.357,337.432,1,4,840.949724,272.6941693,11,292.7551418,204.3096849,485.6811649,107.4413612,42.6773061,191.0021418,65.24296743,261.5941418,89.35595125
194,428,3mo_ko,271.981,447.162,1,2,915.87,459.557,9,359.78876,305.0864618,877.9769019,132.9905379,44.4121895,167.15176,46.45830515,292.94776,81.42215449
194,429,3mo_ko,163.881,285.802,1,0,388.6411064,181.5918871,7,388.6411064,181.5918871,375.0805036,88.86532276,34.00732597,268.5191064,69.0917924,349.9791064,90.05200444
194,430,3mo_ko,383.832,380.301,0,0,473.082307,308.3381585,2,469.8123744,344.1068223,774.5893272,117.253441,39.53271344,372.3873744,79.26299831,377.9653744,80.45028079
194,431,3mo_ko,396.047,498.188,1,0,709.3830242,373.9224328,8,531.5563957,430.4911841,1032.914002,149.4801124,59.31407042,358.0573957,67.36018955,447.8843957,84.25905498
194,432,3mo_ko,135.702,245.297,1,0,263.9027954,189.5615042,2,317.5681597,164.4121723,418.9360702,82.0115115,28.59166223,115.4091597,36.34153997,226.5871597,71.35071725
194,433,3mo_ko,268.423,561.063,1,0,638.502,378.763,12,336.322,241.669,590.415,117.396,47.016,118.871,35.34440209,262.268,77.98122038
194,434,3mo_ko,313.148,429.842,1,1,626.985,335.457,6,398.8198968,349.0757091,647.0238829,104.6470344,33.61807395,85.6718968,21.48134972,363.2248968,91.07491871
206,435,3mo_ko,307.511,387.93,0,1,1031.897,438.92,7,313.731,183.326,603.938,111.592,42.01,140.806,44.88112428,266.796,85.03973149
206,436,3mo_ko,456.12,386.266,1,1,900.252,333.992,5,633.57,354.674,1116.494,141.676,44.596,400.59,63.22742554,596.813,94.19843111
206,437,3mo_ko,0,0,0,0,890.187,489.429,10,656.076,487.414,1723.712,172.474,60.265,0,0,371.298,56.59374829
206,438,3mo_ko,349.644,405.716,1,2,703.103,290.573,6,618.076,327.656,926.115,129.542,42.646,289.78,46.88420194,491.899,79.58552023
206,439,3mo_ko,336.744,310.972,1,1,563.845,233.257,4,417.501,222.717,589.462,103.713,35.327,245.904,58.8990206,357.001,85.50901674
206,440,3mo_ko,447.297,367.539,0,3,733.171,230.584,8,456.018,356.902,806.206,128.001,48.983,311.128,68.22713139,416.957,91.43432935
206,441,3mo_ko,169.235,183.773,0,0,683.572,250.246,6,391.612,383.932,761.604,115.032,35.814,64.951,16.58554896,277.153,70.7723461
206,442,3mo_ko,226.828,241.485,0,2,453.292,209.262,2,261.256,182.348,356.82,90.835,35.542,167.509,64.11680497,234.095,89.60368374
206,443,3mo_ko,418.046,362.82,1,1,748.25,263.435,6,457.289,267.155,685.298,113.237,43.452,328.478,71.83159884,424.859,92.90820466
206,444,3mo_ko,89.478,133.209,0,0,313.853,83.76,5,171.415,137.192,238.001,67.886,25.832,77.395,45.15065776,162.149,94.59440539
206,445,3mo_ko,413.504,346.161,0,1,722.724,288.595,3,557.395,244.869,728.811,126.163,49.635,380.711,68.30183263,507.342,91.02019214
206,446,3mo_ko,586.214,537.278,0,0,823.732975,478.8898571,6,563.6237574,495.1121797,1220.915878,140.0896836,45.68816852,438.6517574,77.82705247,463.9847574,82.32171751
206,447,3mo_ko,329.17,407.626,0,2,586.9399993,264.3725921,8,317.2299763,278.2940428,617.4366756,113.1998346,43.38388261,191.4509763,60.35084658,271.7269763,85.65614746
206,448,3mo_ko,822.893,519.324,0,2,1329.894902,368.3968748,8,378.628083,284.3259543,839.4758631,121.6185351,38.43700432,251.993083,66.55425055,333.169083,87.99375904
206,449,3mo_ko,502.595,267.795,0,2,799.3517232,218.5355042,6,270.084167,178.2269322,412.7220054,96.30191339,35.55314855,239.817167,88.7934934,245.847167,91.02613075
206,450,3mo_ko,126.918,157.787,0,1,207.509611,105.3555417,4,58.58242115,80.37914193,209.6183146,74.12389686,27.82013854,51.72942115,88.30195157,55.74842115,95.16237133
206,451,3mo_ko,69.917,146.321,0,0,501.3442746,220.5646123,8,243.5552627,256.4685308,555.9069795,112.0751879,41.44479285,23.4592627,9.632008128,176.7352627,72.56474803
206,452,3mo_ko,463.058,361.513,0,1,564.0123089,326.8481967,4,352.6806726,261.441552,688.7553047,119.9480576,40.31153298,254.1646726,72.06651579,278.6126726,78.99856563
206,453,3mo_ko,826.387,575.995,1,0,987.368,499.877,5,805.796,539.604,1862.03,178.312,64.345,584.815,72.57606143,671.612,83.3476463
206,454,3mo_ko,111.525,277.058,0,1,646.4888528,386.1401908,5,398.0211773,293.0958932,758.0135985,116.6260168,35.69400297,8.7681773,2.202942406,271.1271773,68.1187818
206,455,3mo_ko,558.313,402.17,1,2,1074.854219,429.2346824,9,458.6110347,328.7203791,1103.523566,143.0680215,46.76904012,267.9750347,58.43187678,418.8090347,91.32118571
206,456,3mo_ko,497.835,485.765,0,0,754.1974592,456.073412,5,645.7221445,469.9082376,1288.941975,142.6614342,49.60746685,446.9131445,69.21137029,511.3481445,79.19012053
206,457,3mo_ko,526.237,521.151,0,0,789.855,450.935,9,449.165,403.907,1090.008,158.411,51.585,334.684,74.51248428,372.469,82.92476039
206,458,3mo_ko,576.283,383.49,0,0,889.948,358.422,4,576.783,289.055,1157.32,137.745,44.928,427.395,74.09979143,531.241,92.10413622
206,459,3mo_ko,334.059,262.279,1,3,427.0198952,164.2658345,3,357.706,230.616,646.473,105.138,34.541,240.347,67.1912129,277.7971766,73.45222054
206,460,3mo_ko,267.668,476.584,1,1,659.0744161,254.9496899,7,372.7601766,299.6013266,815.1405015,133.5917345,47.11406659,124.4001766,33.37271104,246.4840865,73.8641609
206,461,3mo_ko,378.166,522.28,1,0,770.0694546,406.0199944,5,343.9080865,337.2441315,740.6656993,139.8124793,49.56374826,240.1950865,69.84281438,-73.758,78.5529905
117,462,2mo_wt,244.615,291.239,0,0,472.0097714,269.1692998,3,355.6631159,263.5586017,686.379,109.248,38.5,202.8891159,57.04530687,251.4591159,70.70148819
117,463,2mo_wt,138.645,225.455,0,0,297.821,196.693,2,230.706,202.626,446.4,92.447,32.458,116.567,50.52621085,170.656,73.97120144
117,464,2mo_wt,172.202,198.203,0,0,220.7716424,194.215811,1,248.5888693,182.5302804,413.064,78.996,25.429,160.2798693,64.47588332,174.8508693,70.3373686
117,465,2mo_wt,158.072,210.419,0,0,285.458,183.812,3,259.186,205.123,437.349,90.434,33.627,141.735,54.68466661,196.266,75.72399744
117,466,2mo_wt,136.437,163.869,0,0,206.863,146.156,1,207.084,147.874,366.481,80.781,26.354,123.632,59.70137722,142.177,68.65668038
117,467,2mo_wt,276.507,308.629,0,0,395.2264248,251.8921636,2,430.1216561,281.9535124,769.5915699,118.050747,42.473,263.6106561,61.28746422,333.0216561,77.4249916
117,468,2mo_wt,283.713,322.328,0,0,496.8777509,271.3524149,3,357.297,286.37,771.867,112.016,37.284,238.198,66.66666667,282.955,79.19322021
117,469,2mo_wt,231.371,278.655,0,1,371.3307772,132.0119358,2,336.815,192.145,502.946,88.19,29.109,206.337,61.26122649,283.334,84.12155041
117,470,2mo_wt,216.199,225.938,0,0,397.8814967,212.2395043,2,343.263,251.557,655.423,106.244,36.09,186.993,54.47514005,270.059,78.67407789
117,471,2mo_wt,393.709,347.71,0,0,514.7046626,257.7776335,2,427.846,311.304,848.485,115.438,39.823,339.091,79.25538628,337.574,78.90081945
117,472,2mo_wt,345.539,307.671,0,0,501.809,263.364,3,323.16,268.59,757.833,113.907,40.601,251.852,77.93415027,278.403,86.15020423
117,473,2mo_wt,257.469,286.978,0,0,445.7854992,215.0826888,3,367.0629907,251.7441545,683.497,115.853,47.228,232.7719907,63.41472624,313.3459907,85.36572704
117,474,2mo_wt,113.607,129.424,0,0,281.5487363,154.4341508,3,290.5014922,175.3012817,549.823,92.089,34.152,109.2854922,37.61959754,209.3094922,72.05109021
117,475,2mo_wt,216.41,201.399,0,0,316.7423284,205.8441314,3,251.6033115,179.9927592,478.201,93.526,36.081,176.2763115,70.06120486,178.7283115,71.03575483
117,476,2mo_wt,240.769,346.322,0,0,602.5389765,394.0343108,3,422.889,339.367,865.121,117.709,39.573,186.236,44.0389795,313.617,74.16059533
117,477,2mo_wt,267.521,375.54,0,0,576.6100451,307.308858,3,518.5786273,349.6314466,1023.37,142.6,48.522,230.2736273,44.40476625,376.9986273,72.69845062
117,478,2mo_wt,249.185,309.526,0,0,590.0072373,362.9047196,3,360.288039,289.4999828,685.97,105.685,36.836,229.378039,63.6651829,314.526039,87.29849591
117,479,2mo_wt,319.194,370.164,0,0,478.5626907,330.8282593,2,359.036,357.261,762.354,112.017,38.185,281.97,78.53530008,234.045,65.18705645
117,480,2mo_wt,177.583,242.835,0,0,303.1428271,242.4880687,2,231.4267246,219.1020011,503.606,88.665,31.086,156.7507246,67.73233509,198.1867246,85.63692242
117,481,2mo_wt,238.936,324.98,0,0,334.9,274.24,1,279.41,305.16,625.04,109.08,36.69,223.079,79.83930425,220.597,78.9510039
169,482,2mo_wt,244.664,464.005,0,0,529.378,488.861,2,490.596,426.638,841.234,130.645,45.011,223.314,45.51891984,344.956,70.3136593
169,483,2mo_wt,174.437,381.906,0,0,475.425,348.889,4,475.425,348.889,649.31,106.232,35.794,195.289,41.07672083,363.106,76.37503287
169,484,2mo_wt,232.705,304.739,0,0,457.89,345.576,3,334.038,304.15,581.285,100.003,32.453,222.775,66.69151414,257.758,77.16427472
169,485,2mo_wt,241.305,323.994,0,0,402.259,326.634,4,330.382,320.922,603.72,110.853,36.087,234.574,71.00084145,269.973,81.71540822
169,486,2mo_wt,229.524,304.868,0,0,363.718,307.964,2,289.594,274.586,680.609,105.84,34.313,212.317,73.31540018,216.641,74.80852504
169,487,2mo_wt,261.558,291.695,0,0,389.655,289.593,4,306.899,268.557,532.618,110.493,37.302,245.46,79.98071027,252.795,82.37074738
169,488,2mo_wt,203.27,239.156,0,0,282.481,222.867,3,234.482,218.689,397.827,86.458,30.739,175.554,74.86885987,182.692,77.91301678
169,489,2mo_wt,312.332,399.494,0,0,580.492,388.426,3,449.584,339.87,838.452,139.495,43.701,294.663,65.54125592,358.832,79.81422826
169,490,2mo_wt,214.592,274.332,0,0,380.918,283.425,2,272.256,242.775,677.829,113.606,36.302,194.274,71.35710508,221.66,81.41602022
169,491,2mo_wt,288.64,401.875,0,0,429.426,288.967,2,380.034,343.643,663.935,108.035,39.523,271.453,71.42860902,318.596,83.83355173
169,492,2mo_wt,200.322,171.92,0,0,331.161,189.846,3,229.561,150.135,319.261,78.179,29.547,179.081,78.01020208,191.813,83.55644034
169,493,2mo_wt,234.551,236.123,0,0,289.51,230.681,2,268.077,214.312,486.825,90.53,29.554,214.206,79.90465426,214.782,80.1195179
169,494,2mo_wt,340.63,351.447,0,0,506.466,335.545,3,420.157,338.8,805.829,122.693,40.761,327.322,77.90468801,329.561,78.43758405
169,495,2mo_wt,205.337,299.468,0,0,387.027,250.627,2,399.167,278.96,677.859,106.578,36.893,204.761,51.29707616,315.341,78.99976701
169,496,2mo_wt,363.957,515.406,0,0,712.322,387.269,3,528.617,443.165,951.546,128.142,44.7,342.036,64.70393499,464.582,87.88631467
169,497,2mo_wt,203.624,243.026,0,0,293.665,157.858,1,235.092,182.391,371.095,95.427,37.713,172.195,73.24579314,203.784,86.68266041
169,498,2mo_wt,399.847,344.69,0,0,582.313,282.862,3,483.205,307.219,696.607,115.982,42.957,374.846,77.57494231,434.397,89.89911114
169,499,2mo_wt,227.872,385.177,0,0,490.405,350.108,3,370.077,345.689,881.109,134.624,44.077,208.893,56.44582073,298.117,80.55539793
169,500,2mo_wt,295.35,484.408,0,0,737.849,408.162,3,522.036,440.336,1112.934,146.085,53.876,273.67,52.42358765,464.969,89.06837843
169,501,2mo_wt,225.263,371.361,0,0,496.028,294.888,2,325.072,330.764,840.397,116.349,39.711,206.836,63.62775016,272.147,83.71899148
196,502,1mo_ko,147.727,226.541,0,0,303.229,201.657,2,217.228,247.036,394.274,85.402,31.514,138.527,63.77032427,196.099,90.27335334
196,503,1mo_ko,258.418,331.588,0,0,430.598,291.544,3,346.733,285.701,583.963,99.09,33.675,252.779,72.90306951,259.842,74.94008358
196,504,1mo_ko,228.897,359.665,0,0,369.213,252.241,3,282.35,309.88,451.097,102.246,36.051,203.582,72.1027094,252.987,89.60049584
196,505,1mo_ko,142.168,175.411,0,0,264.369,141.618,3,227.863,144.717,335.496,72.589,23.829,127.171,55.81028952,177.046,77.69844161
196,506,1mo_ko,167.791,396.011,0,0,281.936,258.734,3,297.618,316.125,520.511,109.628,40.993,127.171,42.72960641,164.105,55.13947409
196,507,1mo_ko,211.495,258.734,0,0,303.446,195.826,3,264.54,246.557,426.589,85.712,30.838,170.276,64.36682543,212.952,80.49897936
196,508,1mo_ko,174.303,397.596,1,0,251.6,160.348,2,249.458,171.288,377.829,82.613,31.59,128.285,51.42549046,157.079,62.96811487
196,509,1mo_ko,298.765,407.148,0,0,555.804,323.913,4,380.156,348.62,639.968,113.344,46.75,266.991,70.23195741,329.758,86.74281085
196,510,1mo_ko,320.446,381.035,0,0,511.377,280.875,4,357.054,349.142,641.176,120.653,47.731,280.212,78.47888555,295.211,82.6796507
196,511,1mo_ko,199.933,204.662,0,0,294.32,185.923,2,205.514,184.699,379.243,84.139,32.959,177.368,86.30458266,168.633,82.05426394
196,512,1mo_ko,307.907,192.073,0,0,256.711,244.139,2,310.334,184.48,475.813,95.066,36.524,260.836,84.05008797,149.223,48.08464429
196,513,1mo_ko,286.798,313.85,0,0,293.834,273.656,3,299.172,298.664,516.333,92.329,31.064,247.975,82.88710173,182.463,60.98933055
196,514,1mo_ko,181.736,223.928,0,0,289.952,163.871,2,233.66,229.303,403.507,85.651,29.033,159.898,68.43190961,162.325,69.47059831
196,515,1mo_ko,220.259,335.883,0,1,373.728,265.099,2,321.458,282.458,573.805,104.115,36.062,110.927,34.50746287,175.393,54.56171568
196,516,1mo_ko,191.655,211.466,0,0,302.874,172.721,4,237.391,144.754,325.959,84.916,35.684,103.668,43.66972632,126.899,53.45569124
196,517,1mo_ko,164.214,186.047,0,0,242.909,159.527,3,182.073,169.565,356.305,84.677,32.283,136.773,75.1198695,145.339,79.82457586
196,518,1mo_ko,122.834,168.688,0,0,222.436,133.932,2,197.463,194.87,295.469,82.576,34.759,90.165,45.6617189,115.574,58.52944602
196,519,1mo_ko,206.067,244.197,0,0,334.122,223.358,2,212.928,236.729,385.599,106.034,41.388,180.17,84.61545687,188.04,88.31154193
196,520,1mo_ko,285.304,337.253,0,0,422.22,264.69,4,367,257.07,540.9086896,100.1058192,37.50578946,269.969,73.56103542,290.126,79.05340599
196,521,1mo_ko,236.199,355.074,0,0,450.3105047,268.3896017,3,328.6194517,325.3199153,568.57,98.08,32.25,229.8724517,69.95095711,274.7964517,83.6214808
196,522,1mo_ko,105.716,141.59,0,0,174.55,142.02,1,126.41,122.92,197.92,63.48,26.3,97.033,76.7605411,92.315,73.02824144
196,523,1mo_ko,179.695,253.889,0,0,337.73,185.12,2,213.58,227.77,418.68,87.35,29.01,162.33,76.00430752,183.345,85.84371196
196,524,1mo_ko,198.137,241.34,0,0,361.21,200.22,2,200.5,204.35,505.53,93.89,31.28,164.797,82.19301746,168.657,84.11820449
196,525,1mo_ko,133.414,252.281,0,0,263.44,200.53,2,210.86,153.95,259.78,82.44,32.41,94.313,44.72778147,120.928,57.34990041
196,526,1mo_ko,259.806,355.37,0,0,516.14,310.32,3,358.93,288.21,574.5292705,97.98691834,31.35437496,239.287,66.66675954,298.128,83.06020673
196,527,1mo_ko,165.66,292.794,0,0,244.4163388,201.083312,2,208.810008,227.6942065,340.67,84.63,35.01,141.671008,67.84684765,159.927008,76.58972361
203,528,1mo_wt,213.002,294.781,0,0,378.308,225.258,4,294.601,261.332,589.394,98.922,32.734,199.018,67.55509995,225.835,76.65792037
203,529,1mo_wt,183.312,248.715,0,0,373.136,156.935,4,218.748,263.889,416.426,96.465,36.421,130.636,59.7198603,162.433,74.25576462
203,530,1mo_wt,175.458,215.054,0,0,291.728,153.496,2,273.723,214.647,455.502,86.155,29.915,170.862,62.42149911,210.704,76.97708998
203,531,1mo_wt,271.424,423.087,0,0,486.916,308.186,3,415.085,344.898,743.016,127.27,50.682,221.813,53.43797054,280.235,67.51267813
203,532,1mo_wt,151.323,225.434,0,0,169.903,146.838,2,167.03,271.748,341.531,87.693,37.394,145.002,86.81194995,98.073,58.71579956
203,533,1mo_wt,194.422,179.217,0,0,242.5,164.231,2,254.376,164.849,447.84,85.086,29.048,188.866,74.24678429,180.247,70.85849294
203,534,1mo_wt,249.971,315.295,0,0,548.786,307.629,3,372.753,317.833,674.442,113.052,41.458,229.283,61.51070548,326.207,87.51291069
203,535,1mo_wt,156.495,188.483,0,0,302.072,124.105,2,193.655,145.387,275.255,78.109,31.621,144.427,74.57953577,158.219,81.70147944
203,536,1mo_wt,171.676,234.876,0,0,435.647,249.988,6,255.071,245.937,493.987,114.149,41.145,163.291,64.01786169,226.107,88.64473029
203,537,1mo_wt,175.278,265.806,0,0,345.256,208.239,2,243.392,248.572,523.054,98.441,37.049,167.303,68.73808506,211.804,87.02175914
203,538,1mo_wt,162.251,245.859,0,0,403.971,248.425,3,297.46,227.619,488.04,105.876,43.104,156.732,52.69010959,249.631,83.92086331
203,539,1mo_wt,177.151,216.148,0,0,289.918,180.422,3,279.8,198.202,509.747,87.862,31.602,174.208,62.26161544,202.722,72.45246605
203,540,1mo_wt,268.946,359.121,0,0,390.91,252.229,2,398.269,312.243,658.569,103.026,35.186,241.537,60.64669859,291.757,73.25626649
203,541,1mo_wt,107.431,185.784,0,0,266.739,162.58,2,203.641,149.695,296.908,76.65,31.038,99.521,48.87080696,152.317,74.79682382
203,542,1mo_wt,209.896,276.621,0,0,392.382,238.444,3,295.436,247.445,545.251,100.937,39.925,195.731,66.25157394,250.918,84.93142339
203,543,1mo_wt,226.774,319.315,0,0,369.641,239.408,3,362.664,240.547,537.803,105.362,42.675,215.784,59.4997022,275.094,75.85368275
203,544,1mo_wt,201.131,305.468,0,0,356.209,247.087,3,287.479,252.242,534.139,110.636,45.663,163.451,56.85667475,206.887,71.9659523
203,545,1mo_wt,213.129,291.128,0,0,360.26,235.4,2,279.85,259.33,455.545602,94.3547802,36.14968137,200.197,71.5372521,248.488,88.79328212
203,546,1mo_wt,203.718,247.671,0,0,481.4650943,284.2172783,2,237.1543342,259.8685011,498.2436056,96.96094775,35.42627014,168.7473342,71.15507071,203.2663342,85.71057109
203,547,1mo_wt,196.417,283.191,0,0,371.1351336,227.3784559,4,301.9526621,256.1477974,453.16921,89.56147044,30.87427335,182.2846621,60.3686223,195.0156621,64.5848461
231,548,3mo_wt,400.862,411.881,0,0,643.493,382.942,3,503.956,377.335,1119.969,157.565,56.086,371.127,73.64273865,433.743,86.06763289
231,549,3mo_wt,177.098,294.691,0,0,375.694,229.058,3,299.48,223.435,466.188,95.717,37.324,147.462,49.2393482,245.327,81.91765727
231,550,3mo_wt,195.013,284.197,0,0,480.673,257.318,4,264.828,291.25,598.295,105.681,34.965,175.255,66.17691483,239.082,90.27821832
231,551,3mo_wt,278.284,407.53,0,0,597.516,376.751,5,331.676,344.804,691.536,106.192,36.108,219.841,66.28185337,294.983,88.93709524
231,552,3mo_wt,234.199,372.86,0,0,548.698,329.86,4,455.476,338.912,779.919,118.878,39.913,224.468,49.28206975,380.76,83.59606214
231,553,3mo_wt,330.452,403.52,0,0,574.968,318.851,3,454.412,362.965,873.779,121.147,38.926,307.639,67.70045685,390.278,85.88637624
231,554,3mo_wt,219.322,272.931,0,0,326.288,210.043,2,363.299,212.066,543.983,94.639,33.665,209.255,57.59856207,284.498,78.30960173
231,555,3mo_wt,219.322,286.761,0,0,373.162,284.926,2,362.079,275.597,728.836,118.745,42.122,198.782,54.90017372,283.481,78.29258256
231,556,3mo_wt,168.177,232.506,0,0,372.044,196.405,2,278.296,198.898,423.493,89.82,34.51,147.74,53.08736022,241.386,86.73714319
231,557,3mo_wt,209.942,322.723,0,0,525.061,385.321,3,403.656,324.446,763.763,112.279,35.785,197.959,49.04151059,324.91,80.4918049
231,558,3mo_wt,212.127,307.958,0,0,580.182,303.875,3,338.469,263.423,677.717,114.256,41.43,186.788,55.18614703,297.558,87.91292556
231,559,3mo_wt,429.775,537.205,0,0,936.842,540.088,3,716.504,481.125,1423.666,165.568,56.393,411.938,57.49277045,590.799,82.45578531
231,560,3mo_wt,220.601,251.603,0,0,334.923,249.7,3,256.847,232.508,486.912,114.742,44.075,203.471,79.21875669,210.711,82.03755543
231,561,3mo_wt,344.387,426.814,0,0,720.052,386.599,3,456.344,389.322,987.972,135.332,39.808,314.908,69.00671423,414.845,90.90620234
231,562,3mo_wt,373.356,379.666,0,0,501.923,313.361,3,471.212,369.232,994.543,148.755,44.789,359.939,76.38578814,357.374,75.84144716
231,563,3mo_wt,349.623,406.38,0,0,617.669,400.707,3,548.376,415.349,1042.01,141.395,48.182,331.315,60.41748727,392.021,71.48762893
231,564,3mo_wt,183.984,217.673,0,0,298.446,240.731,2,260.256,215.402,454.634,90.239,27.741,178.734,68.67622648,195.225,75.01267982
231,565,3mo_wt,475.592,639.872,0,0,908.625,629.419,3,487.3461088,485.5113311,1246.342093,150.8315683,46.62813576,371.9671088,76.32503924,448.8861088,92.10827802
231,566,3mo_wt,234.158,337.406,0,0,567.4565536,381.4254229,2,352.3939917,343.9834292,766.7028554,116.0717302,41.28626464,226.5709917,64.29479419,298.0009917,84.56471981
231,567,3mo_wt,304.045,413.58,0,0,750.7580078,466.3288455,4,359.2091282,311.4404711,971.9927688,142.857932,46.30824355,211.3331282,58.83289471,294.4011282,81.95814223